VISIT_NUM,FILE_PATH,APID,APIDNAME,BITPIX,BSCALE,BZERO,CCD_TEMP,DATE,DATE-OBS,DEC,DELTA_Y,EXPCMD,EXPTIME,FILENAME,FILL_VAL,FRM_ID,FRM_MER1,FRM_MER2,FRM_MER3,FRM_MID,FRM_MNR1,FRM_MNR2,FRM_MNR3,FRM_MXR1,FRM_MXR2,FRM_MXR3,FRM_NPK,FRM_RME,FRM_RMN,FRM_RMX,FRM_RST,FRM_STR1,FRM_STR2,FRM_STR3,IMG_NUM,IMG_TOT,INSTRUME,JD,NAXIS,NAXIS1,NAXIS2,N_FILLED,N_GD_PKT,OBJECT,ORIGIN,O_BZERO,PIPE_VER,RA,RAD_TEMP,SHUT_BEG,SHUT_END,SIMPLE,ST_BRDW,ST_DY1,ST_DY2,ST_DY3,ST_OSX1,ST_OSX2,ST_X1,ST_X2,ST_Y1,ST_Y2,ST_Y3,TARGETID,TEC_CURR,TEC_HTMP,TEC_VOLT,TELESCOP,TRIM_X1,TRIM_X2,XB1_AQ0,XB1_AQ1,XB1_AQ2,XB1_AQ3,XB1_OP0,XB1_OP1,XB1_OP2,XB1_OV0,XB1_OV1,XB1_OV2,XB1_PE0,XB1_PE1,XB1_PE2,XB1_TAI
1,C:\Users\Joshua\Documents\CUTE_Solar_System_Observations\Mars_analysis_2026\CUTE_observations\Visit1\cute_TRIM2D_scan_targetID340_2024_12_22_03_49_frmid_3726_V2_nimgpkts_444_L1id20927_botrows_24_midrows_56.fits,47,TRIM2D,16,1,32768,-1.380899999999997,2025-06-02T18:36:12.370,2024-12-22T03:49:26.000,0,50,60000,60000,cute_TRIM2D_scan_targetID340_2024_12_22_03_49_frmid_3726_V2_nimgpkts_444_L1id20927_botrows_24_midrows_56.fits,0,3726,5989.9956,5336.209,5796.3984,3726,3840,3843,3843,65535,65535,65535,446,3829.2668,2313,2313,379.31903,5737.9194,5576.3115,5594.5293,0,10,CUTE,2460666.659328704,2,2200,100,988,444,scan_targetID340,CU-LASP,32768,2,0,-3.601299999999981,0,0,True,5,30,30,30,50,102,0,0,256,100,415,340,6005,-2.88760000000002,4,CUTE CubeSat,0,0,0.1467161774635315,-0.1583437323570251,0.8689761161804199,0.4452838897705078,890.99853515625,-6242.748046875,-2677.552734375,-1.105194568634033,-3.129204750061035,6.949079513549805,1.01386722235474e-05,-3.4041528124362e-05,1.96065593627281e-05,788154603
1,C:\Users\Joshua\Documents\CUTE_Solar_System_Observations\Mars_analysis_2026\CUTE_observations\Visit1\cute_TRIM2D_scan_targetID340_2024_12_22_03_51_frmid_3727_V2_nimgpkts_440_L1id20926_botrows_24_midrows_50.fits,47,TRIM2D,16,1,32768,-1.143000000000029,2025-06-02T18:35:30.521,2024-12-22T03:51:31.000,0,50,60000,60000,cute_TRIM2D_scan_targetID340_2024_12_22_03_51_frmid_3727_V2_nimgpkts_440_L1id20926_botrows_24_midrows_50.fits,0,3727,6098.1704,5367.5903,5833.5264,3727,3844,3845,3850,65535,65535,65535,446,3830.0583,2313,2313,379.39508,5896.9185,5683.566,5704.6514,1,10,CUTE,2460666.660775463,2,2200,100,2964,440,scan_targetID340,CU-LASP,32768,2,0,-3.601299999999981,0,0,True,5,30,30,30,50,102,0,0,256,100,415,340,5778,-2.808300000000031,4,CUTE CubeSat,0,0,0.1467532813549042,-0.1583437323570251,0.8689725399017334,0.4452877640724182,741.529541015625,-6571.1171875,-1785.75,-1.2794189453125,-2.116402626037598,7.296741485595703,-2.5200228265021e-05,2.91963806375861e-05,4.40776493633166e-05,788154728
1,C:\Users\Joshua\Documents\CUTE_Solar_System_Observations\Mars_analysis_2026\CUTE_observations\Visit1\cute_TRIM2D_scan_targetID340_2024_12_22_03_53_frmid_3728_V2_nimgpkts_441_L1id20925_botrows_21_midrows_55.fits,47,TRIM2D,16,1,32768,-0.9051000000000045,2025-06-02T18:35:05.312,2024-12-22T03:53:36.000,0,50,60000,60000,cute_TRIM2D_scan_targetID340_2024_12_22_03_53_frmid_3728_V2_nimgpkts_441_L1id20925_botrows_21_midrows_55.fits,0,3728,6176.77,5403.386,5884.7803,3728,3838,3844,3846,65535,65535,65535,446,3831.4575,2313,2313,379.5247,6030.323,5796.471,5811.3013,2,10,CUTE,2460666.662222222,2,2200,100,2470,441,scan_targetID340,CU-LASP,32768,2,0,-3.759900000000016,0,0,True,5,30,30,30,50,102,0,0,256,100,415,340,5796,-2.88760000000002,4,CUTE CubeSat,0,0,0.1467285454273224,-0.1583631038665771,0.8689725399017334,0.4452797174453735,572.950439453125,-6769.994140625,-859.26953125,-1.410215377807617,-1.0588698387146,7.502973556518555,2.91679680231027e-05,6.47254455543588e-06,1.6046342352638e-05,788154853
1,C:\Users\Joshua\Documents\CUTE_Solar_System_Observations\Mars_analysis_2026\CUTE_observations\Visit1\cute_TRIM2D_scan_targetID340_2024_12_22_03_55_frmid_3729_V2_nimgpkts_443_L1id20924_botrows_21_midrows_56.fits,47,TRIM2D,16,1,32768,-0.6671999999999798,2025-06-02T18:34:43.236,2024-12-22T03:55:41.000,0,50,60000,60000,cute_TRIM2D_scan_targetID340_2024_12_22_03_55_frmid_3729_V2_nimgpkts_443_L1id20924_botrows_21_midrows_56.fits,0,3729,6190.2925,5429.6377,5908.532,3729,3848,3843,3850,65535,65535,65535,446,3833.1165,2313,2313,379.68387,6088.6772,5875.214,5884.795,3,10,CUTE,2460666.663668981,2,2200,100,1482,443,scan_targetID340,CU-LASP,32768,2,0,-4.156400000000019,0,0,True,5,30,30,30,50,102,0,0,256,100,415,340,5983,-3.204799999999977,4,CUTE CubeSat,0,0,0.1467209458351135,-0.1583407521247864,0.868988037109375,0.4452648162841797,390.921875,-6834.88671875,83.92062377929688,-1.494377136230469,0.02203058451414108,7.563484191894531,-1.1567026376724e-05,-2.6583569706417e-05,-1.8672602891456e-05,788154978
1,C:\Users\Joshua\Documents\CUTE_Solar_System_Observations\Mars_analysis_2026\CUTE_observations\Visit1\cute_TRIM2D_scan_targetID340_2024_12_22_03_57_frmid_3730_V2_nimgpkts_445_L1id20656_botrows_24_midrows_56.fits,47,TRIM2D,16,1,32768,-0.5878999999999905,2025-05-14T07:10:51.362,2024-12-22T03:57:46.000,0,50,60000,60000,cute_TRIM2D_scan_targetID340_2024_12_22_03_57_frmid_3730_V2_nimgpkts_445_L1id20656_botrows_24_midrows_56.fits,0,3730,6230.029,5436.771,5924.955,3730,3843,3845,3847,65535,65535,65535,446,3834.9678,2313,2313,379.86777,6132.3633,5890.9956,5908.367,4,10,CUTE,2460666.665115741,2,2200,100,494,445,scan_targetID340,CU-LASP,32768,2,0,-4.790800000000019,0,0,True,5,30,30,30,50,102,0,0,256,100,415,340,4533,-3.680600000000027,4,CUTE CubeSat,0,0,0.1467313766479492,-0.1583705544471741,0.8689725399017334,0.4452782273292542,201.3875732421875,-6764.37890625,1025.46533203125,-1.529996871948242,1.104408740997314,7.476795196533203,3.82245052605867e-05,1.68900078278966e-05,9.61702244239859e-06,788155103
1,C:\Users\Joshua\Documents\CUTE_Solar_System_Observations\Mars_analysis_2026\CUTE_observations\Visit1\cute_TRIM2D_scan_targetID340_2024_12_22_03_59_frmid_3731_V2_nimgpkts_446_L1id19253_botrows_24_midrows_56.fits,47,TRIM2D,16,1,32768,-0.5878999999999905,2024-12-26T07:08:09.009,2024-12-22T03:59:51.000,0,50,60000,60000,cute_TRIM2D_scan_targetID340_2024_12_22_03_59_frmid_3731_V2_nimgpkts_446_L1id19253_botrows_24_midrows_56.fits,0,3731,6231.627,5429.2646,5917.0005,3731,3853,3857,3845,65535,65535,65535,446,3836.7615,2313,2313,380.0576,6082.9604,5866.49,5884.987,5,10,CUTE,2460666.6665625,2,2200,100,0,446,scan_targetID340,CU-LASP,32768,2,0,-5.3459,0,0,True,5,30,30,30,50,102,0,0,256,100,415,340,5932,-4.156400000000019,4,CUTE CubeSat,0,0,0.1467418074607849,-0.1583258509635925,0.8689844608306885,0.4452725648880005,10.4687385559082,-6559.642578125,1947.04736328125,-1.516550064086914,2.166267395019531,7.24443244934082,-5.6219374528154e-05,-4.9790687626227e-06,7.93645813246257e-06,788155228
1,C:\Users\Joshua\Documents\CUTE_Solar_System_Observations\Mars_analysis_2026\CUTE_observations\Visit1\cute_TRIM2D_scan_targetID340_2024_12_22_04_01_frmid_3732_V2_nimgpkts_446_L1id19252_botrows_24_midrows_56.fits,47,TRIM2D,16,1,32768,-0.7465000000000259,2024-12-26T07:06:47.656,2024-12-22T04:01:56.000,0,50,60000,60000,cute_TRIM2D_scan_targetID340_2024_12_22_04_01_frmid_3732_V2_nimgpkts_446_L1id19252_botrows_24_midrows_56.fits,0,3732,6227.3604,5406.8257,5885.65,3732,3849,3855,3860,65535,65535,65535,446,3838.4973,2313,2313,380.24222,6007.8916,5796.4937,5816.802,6,10,CUTE,2460666.668009259,2,2200,100,0,446,scan_targetID340,CU-LASP,32768,2,0,-5.90100000000001,0,0,True,5,30,30,30,50,102,0,0,256,100,415,340,5783,-4.711500000000001,4,CUTE CubeSat,0,0,0.1467055976390839,-0.1583824753761292,0.8689725399017334,0.4452826976776123,-175.730712890625,-6224.6328125,2830.689453125,-1.454740047454834,3.185983657836914,6.870925903320312,8.19775159470737e-05,-1.8944541807286e-05,6.92218054609838e-06,788155353
1,C:\Users\Joshua\Documents\CUTE_Solar_System_Observations\Mars_analysis_2026\CUTE_observations\Visit1\cute_TRIM2D_scan_targetID340_2024_12_22_04_04_frmid_3733_V2_nimgpkts_446_L1id19251_botrows_24_midrows_56.fits,47,TRIM2D,16,1,32768,-0.9843999999999937,2024-12-26T07:08:32.394,2024-12-22T04:04:02.000,0,50,60000,60000,cute_TRIM2D_scan_targetID340_2024_12_22_04_04_frmid_3733_V2_nimgpkts_446_L1id19251_botrows_24_midrows_56.fits,0,3733,6239.377,5374.4956,5844.2314,3733,3858,3862,3855,65535,65535,65535,446,3840.4685,2313,2313,380.44385,5978.3076,5693.8623,5715.008,7,10,CUTE,2460666.669467593,2,2200,100,0,446,scan_targetID340,CU-LASP,32768,2,0,-6.614699999999999,0,0,True,5,30,30,30,50,102,0,0,256,100,415,340,6012,-5.266600000000011,4,CUTE CubeSat,0,0,0.1467209458351135,-0.1583750247955322,0.8689820766448975,0.4452648162841797,-352.63916015625,-5761.64453125,3665.5283203125,-1.34575891494751,4.150093078613281,6.358707427978516,5.2507355576381e-05,6.12603616900742e-06,-2.4046079488471e-05,788155479
1,C:\Users\Joshua\Documents\CUTE_Solar_System_Observations\Mars_analysis_2026\CUTE_observations\Visit1\cute_TRIM2D_scan_targetID340_2024_12_22_04_06_frmid_3734_V2_nimgpkts_446_L1id19250_botrows_24_midrows_56.fits,47,TRIM2D,16,1,32768,-1.301600000000008,2024-12-26T07:06:31.470,2024-12-22T04:06:07.000,0,50,60000,60000,cute_TRIM2D_scan_targetID340_2024_12_22_04_06_frmid_3734_V2_nimgpkts_446_L1id19250_botrows_24_midrows_56.fits,0,3734,6241.9067,5331.2056,5779.8413,3734,3857,3854,3854,65535,65535,65535,446,3842.6057,2313,2313,380.65536,5870.2783,5560.19,5577.261,8,10,CUTE,2460666.670914352,2,2200,100,0,446,scan_targetID340,CU-LASP,32768,2,0,-13.3552,0,0,True,5,30,30,30,50,102,0,0,256,100,415,340,2687,-20.6508,4,CUTE CubeSat,0,0,0.1467185616493225,-0.1583631038665771,0.8689820766448975,0.4452707767486572,-511.84326171875,-5187.376953125,4422.068359375,-1.194732666015625,5.023754119873047,5.72608757019043,3.14008939312771e-05,-1.0745752661023e-05,-1.1990578059339e-05,788155604
1,C:\Users\Joshua\Documents\CUTE_Solar_System_Observations\Mars_analysis_2026\CUTE_observations\Visit1\cute_TRIM2D_scan_targetID340_2024_12_22_04_08_frmid_3735_V2_nimgpkts_446_L1id19249_botrows_24_midrows_56.fits,47,TRIM2D,16,1,32768,-3.442700000000002,2024-12-26T07:08:55.103,2024-12-22T04:08:12.000,0,50,60000,60000,cute_TRIM2D_scan_targetID340_2024_12_22_04_08_frmid_3735_V2_nimgpkts_446_L1id19249_botrows_24_midrows_56.fits,0,3735,6211.151,5279.654,5718.591,3735,3854,3857,3859,65535,65535,65535,446,3844.8594,2313,2313,380.86914,5728.4683,5396.4775,5411.121,9,10,CUTE,2460666.672361111,2,2200,100,0,446,scan_targetID340,CU-LASP,32768,2,0,-14.06890000000001,0,0,True,5,30,30,30,50,102,0,0,256,100,415,340,5804,-22.07820000000001,65501,CUTE CubeSat,0,0,0.1467370390892029,-0.1583362817764282,0.8689820766448975,0.4452767372131348,-649.73583984375,-4509.88671875,5092.4296875,-1.00555944442749,5.797040939331055,4.981744766235352,-2.8126436518505e-05,-3.3101050576078e-06,1.30205335153732e-05,788155729
1,C:\Users\Joshua\Documents\CUTE_Solar_System_Observations\Mars_analysis_2026\CUTE_observations\Visit1\cute_TRIM2D_scan_targetID340_2024_12_22_05_23_frmid_3736_V2_nimgpkts_446_L1id19804_botrows_24_midrows_56.fits,47,TRIM2D,16,1,32768,-1.380899999999997,2025-02-15T07:04:48.110,2024-12-22T05:23:16.000,0,50,60000,60000,cute_TRIM2D_scan_targetID340_2024_12_22_05_23_frmid_3736_V2_nimgpkts_446_L1id19804_botrows_24_midrows_56.fits,0,3736,6034.558,5327.2534,5786.719,3736,3841,3846,3839,65535,65535,65535,446,3829.788,2313,2313,379.36945,5763.1025,5554.595,5582.5044,0,5,CUTE,2460666.724490741,2,2200,100,0,446,scan_targetID340,CU-LASP,32768,2,0,-3.839200000000005,0,0,True,5,30,30,30,50,102,0,0,256,100,415,340,5796,-3.125499999999988,4,CUTE CubeSat,0,0,0.1467632651329041,-0.1583869457244873,0.868908166885376,0.445389986038208,-1665.2421875,-6078.734375,-2686.1953125,-2.261599540710449,-2.440437316894531,6.944644927978516,-3.5199936974095e-06,-3.7061681723571e-07,3.85193270631134e-05,788160233
1,C:\Users\Joshua\Documents\CUTE_Solar_System_Observations\Mars_analysis_2026\CUTE_observations\Visit1\cute_TRIM2D_scan_targetID340_2024_12_22_05_25_frmid_3737_V2_nimgpkts_446_L1id19803_botrows_24_midrows_56.fits,47,TRIM2D,16,1,32768,-1.222300000000018,2025-02-15T07:04:28.018,2024-12-22T05:25:21.000,0,50,60000,60000,cute_TRIM2D_scan_targetID340_2024_12_22_05_25_frmid_3737_V2_nimgpkts_446_L1id19803_botrows_24_midrows_56.fits,0,3737,6052.549,5356.299,5822.261,3737,3850,3839,3851,65535,65535,65535,446,3830.5417,2313,2313,379.4393,5850.7866,5651.296,5682.659,1,5,CUTE,2460666.7259375,2,2200,100,0,446,scan_targetID340,CU-LASP,32768,2,0,-3.759900000000016,0,0,True,5,30,30,30,50,102,0,0,256,100,415,340,5879,-2.96690000000001,4,CUTE CubeSat,0,0,0.1467552185058594,-0.1583824753761292,0.8689165115356445,0.4453792572021484,-1933.40625,-6321.751953125,-1794.880859375,-2.018865585327148,-1.442354202270508,7.293594360351562,-3.2919379009399e-06,-1.2898344721179e-05,1.31721462821587e-05,788160358
1,C:\Users\Joshua\Documents\CUTE_Solar_System_Observations\Mars_analysis_2026\CUTE_observations\Visit1\cute_TRIM2D_scan_targetID340_2024_12_22_05_27_frmid_3738_V2_nimgpkts_446_L1id19802_botrows_24_midrows_56.fits,47,TRIM2D,16,1,32768,-0.9051000000000045,2025-02-15T07:04:09.653,2024-12-22T05:27:26.000,0,50,60000,60000,cute_TRIM2D_scan_targetID340_2024_12_22_05_27_frmid_3738_V2_nimgpkts_446_L1id19802_botrows_24_midrows_56.fits,0,3738,6109.678,5389.383,5864.5596,3738,3849,3844,3849,65535,65535,65535,446,3831.889,2313,2313,379.56485,5955.549,5757.0854,5779.0986,2,5,CUTE,2460666.727384259,2,2200,100,0,446,scan_targetID340,CU-LASP,32768,2,0,-3.839200000000005,0,0,True,5,30,30,30,50,102,0,0,256,100,415,340,5928,-2.96690000000001,4,CUTE CubeSat,0,0,0.1467632651329041,-0.1584018468856812,0.868910551071167,0.4453810453414917,-2167.5673828125,-6438.353515625,-868.70556640625,-1.718442916870117,-0.4204410314559937,7.501209259033203,1.87563637155108e-05,1.53872315422631e-05,1.94535823538899e-05,788160483
1,C:\Users\Joshua\Documents\CUTE_Solar_System_Observations\Mars_analysis_2026\CUTE_observations\Visit1\cute_TRIM2D_scan_targetID340_2024_12_22_05_29_frmid_3739_V2_nimgpkts_446_L1id19801_botrows_24_midrows_56.fits,47,TRIM2D,16,1,32768,-0.7465000000000259,2025-02-15T07:03:48.855,2024-12-22T05:29:31.000,0,50,60000,60000,cute_TRIM2D_scan_targetID340_2024_12_22_05_29_frmid_3739_V2_nimgpkts_446_L1id19801_botrows_24_midrows_56.fits,0,3739,6116.5933,5415.569,5894.6743,3739,3850,3847,3849,65535,65535,65535,446,3833.5874,2313,2313,379.73102,6024.081,5838.175,5856.831,3,5,CUTE,2460666.728831018,2,2200,100,0,446,scan_targetID340,CU-LASP,32768,2,0,-4.156400000000019,0,0,True,5,30,30,30,50,102,0,0,256,100,415,340,5863,-3.204799999999977,4,CUTE CubeSat,0,0,0.1467736959457397,-0.158416748046875,0.868908166885376,0.4453750848770142,-2360.8046875,-6426.732421875,74.35260009765625,-1.365905284881592,0.604546070098877,7.563198089599609,3.47460154443979e-05,4.92930557811632e-05,6.32929913990665e-06,788160608
1,C:\Users\Joshua\Documents\CUTE_Solar_System_Observations\Mars_analysis_2026\CUTE_observations\Visit1\cute_TRIM2D_scan_targetID340_2024_12_22_05_31_frmid_3740_V2_nimgpkts_445_L1id19779_botrows_23_midrows_56.fits,47,TRIM2D,16,1,32768,-0.6671999999999798,2025-02-10T07:13:40.497,2024-12-22T05:31:36.000,0,50,60000,60000,cute_TRIM2D_scan_targetID340_2024_12_22_05_31_frmid_3740_V2_nimgpkts_445_L1id19779_botrows_23_midrows_56.fits,0,3740,6163.4746,5427.9756,5919.319,3740,3853,3841,3848,65535,65535,65535,446,3835.372,2313,2313,379.91312,6079.383,5871.672,5890.1377,4,5,CUTE,2460666.730277778,2,2200,100,494,445,scan_targetID340,CU-LASP,32768,2,0,-4.632200000000012,0,0,True,5,30,30,30,50,102,0,0,256,100,415,340,5696,-3.601299999999981,4,CUTE CubeSat,0,0,0.1467771232128143,-0.1583556532859802,0.8689194917678833,0.4453735947608948,-2507.1181640625,-6288.01171875,1015.9619140625,-0.9681673049926758,1.611768245697021,7.478034973144531,-7.4647367000579e-05,1.87914702109992e-06,1.14145841507706e-05,788160733
2,C:\Users\Joshua\Documents\CUTE_Solar_System_Observations\Mars_analysis_2026\CUTE_observations\Visit2\cute_TRIM2D_scan_targetID340_2025_01_12_04_32_frmid_4860_V2_nimgpkts_446_L1id19805_botrows_24_midrows_56.fits,47,TRIM2D,16,1,32768,-2.88760000000002,2025-02-15T07:05:08.141,2025-01-12T04:32:26.000,0,50,100000,100000,cute_TRIM2D_scan_targetID340_2025_01_12_04_32_frmid_4860_V2_nimgpkts_446_L1id19805_botrows_24_midrows_56.fits,0,4860,7830.087,5858.166,6302.302,4860,3847,3851,3850,65535,65535,65535,446,3834.4666,2313,2313,379.85538,8452.102,7261.594,7263.7812,0,10,CUTE,2460687.689189815,2,2200,100,0,446,scan_targetID340,CU-LASP,32768,2,0,-5.028700000000015,0,0,True,5,30,30,30,50,102,0,0,256,100,415,340,5948,-4.156400000000019,4,CUTE CubeSat,0,0,0.2962859869003296,0.08379685878753662,0.8479833602905273,0.4314097166061401,203.1957397460938,-4811.498046875,-4857.494140625,-1.533656597137451,-5.385364532470703,5.284250259399414,5.42326506547397e-06,-2.2051011910662e-05,1.89218008017633e-05,789971583
2,C:\Users\Joshua\Documents\CUTE_Solar_System_Observations\Mars_analysis_2026\CUTE_observations\Visit2\cute_TRIM2D_scan_targetID340_2025_01_12_04_35_frmid_4861_V2_nimgpkts_446_L1id21598_botrows_24_midrows_56.fits,47,TRIM2D,16,1,32768,-2.411800000000028,2025-07-25T18:42:15.467,2025-01-12T04:35:11.000,0,50,100000,100000,cute_TRIM2D_scan_targetID340_2025_01_12_04_35_frmid_4861_V2_nimgpkts_446_L1id21598_botrows_24_midrows_56.fits,0,4861,7903.198,5933.069,6396.4585,4861,3845,3849,3841,65535,65535,65535,446,3834.131,2313,2313,379.82242,8646.541,7503.0874,7503.6855,1,10,CUTE,2460687.691099537,2,2200,100,0,446,scan_targetID340,CU-LASP,32768,2,0,-4.473600000000005,0,0,True,5,30,30,30,50,102,0,0,256,100,415,340,5709,-3.680600000000027,4,CUTE CubeSat,0,0,0.2963038682937622,0.0837702602148056,0.8479833602905273,0.4314079284667969,-61.81527709960938,-5611.107421875,-3908.314453125,-1.665072917938232,-4.27857780456543,6.188953399658203,3.21366751450114e-05,3.27509478665888e-05,-3.841927536996e-06,789971748
2,C:\Users\Joshua\Documents\CUTE_Solar_System_Observations\Mars_analysis_2026\CUTE_observations\Visit2\cute_TRIM2D_scan_targetID340_2025_01_12_04_37_frmid_4862_V2_nimgpkts_443_L1id21015_botrows_24_midrows_53.fits,47,TRIM2D,16,1,32768,-1.935999999999979,2025-06-05T07:07:20.891,2025-01-12T04:37:56.000,0,50,100000,100000,cute_TRIM2D_scan_targetID340_2025_01_12_04_37_frmid_4862_V2_nimgpkts_443_L1id21015_botrows_24_midrows_53.fits,0,4862,8008.006,6015.559,6491.002,4862,3844,3857,3844,65535,65535,65535,446,3835.0247,2313,2313,379.91196,8795.55,7735.901,7732.144,2,10,CUTE,2460687.693009259,2,2200,100,1482,443,scan_targetID340,CU-LASP,32768,2,0,-4.314999999999998,0,0,True,5,30,30,30,50,102,0,0,256,100,415,340,5831,-3.442700000000002,4,CUTE CubeSat,0,0,0.2963038682937622,0.08378717303276062,0.8479893207550049,0.4313948154449463,-341.6253662109375,-6215.2578125,-2826.625,-1.71196985244751,-3.023013114929199,6.885421752929688,-3.4533504731371e-06,1.33701432787347e-05,-2.1509862563107e-05,789971913
2,C:\Users\Joshua\Documents\CUTE_Solar_System_Observations\Mars_analysis_2026\CUTE_observations\Visit2\cute_TRIM2D_scan_targetID340_2025_01_12_04_40_frmid_4863_V2_nimgpkts_446_L1id19431_botrows_24_midrows_56.fits,47,TRIM2D,16,1,32768,-1.539500000000032,2025-01-18T07:06:43.704,2025-01-12T04:40:41.000,0,50,100000,100000,cute_TRIM2D_scan_targetID340_2025_01_12_04_40_frmid_4863_V2_nimgpkts_446_L1id19431_botrows_24_midrows_56.fits,0,4863,8129.5815,6075.11,6559.676,4863,3848,3844,3850,65535,65535,65535,446,3836.683,2313,2313,380.08463,9019.178,7899.4883,7897.589,3,10,CUTE,2460687.694918981,2,2200,100,0,446,scan_targetID340,CU-LASP,32768,2,0,-4.552899999999994,0,0,True,5,30,30,30,50,102,0,0,256,100,415,340,5877,-3.601299999999981,4,CUTE CubeSat,0,0,0.2963086366653442,0.08379760384559631,0.8479773998260498,0.4314097166061401,-621.8427734375,-6603.001953125,-1648.9091796875,-1.669555187225342,-1.66321325302124,7.349241256713867,-1.7740370822139e-05,2.14196006709244e-05,2.13304156204685e-05,789972078
2,C:\Users\Joshua\Documents\CUTE_Solar_System_Observations\Mars_analysis_2026\CUTE_observations\Visit2\cute_TRIM2D_scan_targetID340_2025_01_12_04_43_frmid_4864_V2_nimgpkts_446_L1id19430_botrows_24_midrows_56.fits,47,TRIM2D,16,1,32768,-1.301600000000008,2025-01-18T07:09:46.868,2025-01-12T04:43:26.000,0,50,100000,100000,cute_TRIM2D_scan_targetID340_2025_01_12_04_43_frmid_4864_V2_nimgpkts_446_L1id19430_botrows_24_midrows_56.fits,0,4864,8236.562,6107.013,6600.4473,4864,3855,3856,3853,65535,65535,65535,446,3838.761,2313,2313,380.30737,9127.686,7978.8857,7968.0576,4,10,CUTE,2460687.696828704,2,2200,100,0,446,scan_targetID340,CU-LASP,32768,2,0,-5.028700000000015,0,0,True,5,30,30,30,50,102,0,0,256,100,415,340,4565,-3.997800000000012,4,CUTE CubeSat,0,0,0.2962931394577026,0.08380132913589478,0.8479833602905273,0.4314022660255432,-887.388427734375,-6760.9609375,-416.170654296875,-1.537197113037109,-0.2481187582015991,7.56334114074707,-1.3489243428921e-05,-1.6301368304993e-05,4.90173806610982e-06,789972243
2,C:\Users\Joshua\Documents\CUTE_Solar_System_Observations\Mars_analysis_2026\CUTE_observations\Visit2\cute_TRIM2D_scan_targetID340_2025_01_12_04_46_frmid_4865_V2_nimgpkts_445_L1id19429_botrows_24_midrows_56.fits,47,TRIM2D,16,1,32768,-1.301600000000008,2025-01-18T07:06:20.089,2025-01-12T04:46:11.000,0,50,100000,100000,cute_TRIM2D_scan_targetID340_2025_01_12_04_46_frmid_4865_V2_nimgpkts_445_L1id19429_botrows_24_midrows_56.fits,0,4865,8364.899,6104.972,6608.5703,4865,3853,3858,3859,65535,65535,65535,446,3840.9133,2313,2313,380.5282,9266.176,7973.6504,7965.5156,5,10,CUTE,2460687.698738426,2,2200,100,494,445,scan_targetID340,CU-LASP,32768,2,0,-5.742400000000004,0,0,True,5,30,30,30,50,102,0,0,256,100,415,340,5890,-4.552899999999994,4,CUTE CubeSat,0,0,0.296287477016449,0.08379089832305908,0.8479893207550049,0.4314022660255432,-1124.12890625,-6684.3984375,831.751708984375,-1.31838846206665,1.173876762390137,7.520092010498047,1.03513029898749e-05,-1.886959944386e-05,-3.8452017179224e-06,789972408
2,C:\Users\Joshua\Documents\CUTE_Solar_System_Observations\Mars_analysis_2026\CUTE_observations\Visit2\cute_TRIM2D_scan_targetID340_2025_01_12_04_48_frmid_4866_V2_nimgpkts_446_L1id19428_botrows_24_midrows_56.fits,47,TRIM2D,16,1,32768,-1.380899999999997,2025-01-18T07:05:37.233,2025-01-12T04:48:56.000,0,50,100000,100000,cute_TRIM2D_scan_targetID340_2025_01_12_04_48_frmid_4866_V2_nimgpkts_446_L1id19428_botrows_24_midrows_56.fits,0,4866,8442.955,6066.425,6561.5757,4866,3865,3862,3858,65535,65535,65535,446,3843.5217,2313,2313,380.78436,9061.744,7878.235,7865.2227,6,10,CUTE,2460687.700648148,2,2200,100,0,446,scan_targetID340,CU-LASP,32768,2,0,-6.614699999999999,0,0,True,5,30,30,30,50,102,0,0,256,100,415,340,5984,-5.3459,4,CUTE CubeSat,0,0,0.296306848526001,0.08378717303276062,0.8479833602905273,0.4314007759094238,-1318.123046875,-6376.146484375,2051.3193359375,-1.021056652069092,2.551146507263184,7.220209121704102,-1.924876414705e-06,2.03398485609795e-05,-6.6808242991101e-06,789972573
2,C:\Users\Joshua\Documents\CUTE_Solar_System_Observations\Mars_analysis_2026\CUTE_observations\Visit2\cute_TRIM2D_scan_targetID340_2025_01_12_04_51_frmid_4867_V2_nimgpkts_440_L1id20930_botrows_18_midrows_56.fits,47,TRIM2D,16,1,32768,-1.698100000000011,2025-06-02T18:38:11.419,2025-01-12T04:51:41.000,0,50,100000,100000,cute_TRIM2D_scan_targetID340_2025_01_12_04_51_frmid_4867_V2_nimgpkts_440_L1id20930_botrows_18_midrows_56.fits,0,4867,8443.105,5999.498,6480.111,4867,3857,3862,3857,65535,65535,65535,446,3846.3296,2313,2313,381.04797,8811.847,7711.199,7703.8604,7,10,CUTE,2460687.70255787,2,2200,100,2964,440,scan_targetID340,CU-LASP,32768,2,0,-7.566300000000012,0,0,True,5,30,30,30,50,102,0,0,256,100,415,340,5789,-6.138900000000007,4,CUTE CubeSat,0,0,0.2963813543319702,0.08389073610305786,0.8479577302932739,0.4313799142837524,-1457.4052734375,-5847.630859375,3200.85546875,-0.6569654941558838,3.834506034851074,6.67365837097168,-0.00025897577870637,6.7918183049187e-05,3.01070940622594e-05,789972738
2,C:\Users\Joshua\Documents\CUTE_Solar_System_Observations\Mars_analysis_2026\CUTE_observations\Visit2\cute_TRIM2D_scan_targetID340_2025_01_12_04_54_frmid_4868_V2_nimgpkts_446_L1id21600_botrows_24_midrows_56.fits,47,TRIM2D,16,1,32768,-2.173900000000003,2025-07-25T18:44:02.814,2025-01-12T04:54:27.000,0,50,100000,100000,cute_TRIM2D_scan_targetID340_2025_01_12_04_54_frmid_4868_V2_nimgpkts_446_L1id21600_botrows_24_midrows_56.fits,0,4868,8424.609,5909.701,6367.7007,4868,3866,3864,3866,65535,65535,65535,446,3849.1536,2313,2313,381.31052,9080.315,7479.7495,7477.0854,8,10,CUTE,2460687.704479167,2,2200,100,0,446,scan_targetID340,CU-LASP,32768,2,0,-8.517899999999997,0,0,True,5,30,30,30,50,102,0,0,256,100,415,340,5712,-7.011200000000002,4,CUTE CubeSat,0,0,0.2962800264358521,0.08375215530395508,0.8479893207550049,0.4314174652099609,-1532.34423828125,-5113.353515625,4246.921875,-0.2387623190879822,4.984939575195312,5.893838882446289,9.13492403924465e-05,4.99009547638706e-06,2.8020040190313e-06,789972904
2,C:\Users\Joshua\Documents\CUTE_Solar_System_Observations\Mars_analysis_2026\CUTE_observations\Visit2\cute_TRIM2D_scan_targetID340_2025_01_12_04_57_frmid_4869_V2_nimgpkts_444_L1id21599_botrows_24_midrows_54.fits,47,TRIM2D,16,1,32768,-2.728999999999985,2025-07-25T18:43:16.564,2025-01-12T04:57:12.000,0,50,100000,100000,cute_TRIM2D_scan_targetID340_2025_01_12_04_57_frmid_4869_V2_nimgpkts_444_L1id21599_botrows_24_midrows_54.fits,0,4869,8337.398,5811.539,6244.1597,4869,3872,3864,3865,65535,65535,65535,446,3851.9885,2313,2313,381.59164,8883.665,7208.7314,7202.3823,9,10,CUTE,2460687.706388889,2,2200,100,988,444,scan_targetID340,CU-LASP,32768,2,0,-9.390199999999993,0,0,True,5,30,30,30,50,102,0,0,256,100,415,340,65416,-7.883499999999998,4,CUTE CubeSat,0,0,0.2962949275970459,0.083808034658432,0.8479917049407959,0.4313888549804688,-1534.9931640625,-4208.6171875,5141.453125,0.2104180455207825,5.948293685913086,4.917133331298828,-3.4612690797075e-05,-2.1589898096863e-05,-1.9225757569074e-05,789973069
2,C:\Users\Joshua\Documents\CUTE_Solar_System_Observations\Mars_analysis_2026\CUTE_observations\Visit2\cute_TRIM2D_scan_targetID340_2025_01_12_06_06_frmid_4870_V2_nimgpkts_446_L1id19790_botrows_24_midrows_56.fits,47,TRIM2D,16,1,32768,-2.491100000000017,2025-02-10T18:37:24.535,2025-01-12T06:06:11.000,0,50,100000,100000,cute_TRIM2D_scan_targetID340_2025_01_12_06_06_frmid_4870_V2_nimgpkts_446_L1id19790_botrows_24_midrows_56.fits,0,4870,7985.9062,5930.5225,6391.3784,4870,3843,3838,3845,65535,65535,65535,446,3831.6362,2313,2313,379.582,8724.702,7449.5513,7458.3203,0,5,CUTE,2460687.754293981,2,2200,100,0,446,scan_targetID340,CU-LASP,32768,2,0,-4.552899999999994,0,0,True,5,30,30,30,50,102,0,0,256,100,415,340,5934,-3.759900000000016,4,CUTE CubeSat,0,0,0.2963545322418213,0.08366535604000092,0.8478736877441406,0.4316043257713318,-1736.287109375,-4508.12890625,-4842.357421875,-3.543766975402832,-4.314435958862305,5.301702499389648,5.79415500396862e-05,1.28842912090476e-05,9.86431405181065e-06,789977208
2,C:\Users\Joshua\Documents\CUTE_Solar_System_Observations\Mars_analysis_2026\CUTE_observations\Visit2\cute_TRIM2D_scan_targetID340_2025_01_12_06_08_frmid_4871_V2_nimgpkts_446_L1id19789_botrows_24_midrows_56.fits,47,TRIM2D,16,1,32768,-2.015300000000025,2025-02-10T18:37:02.221,2025-01-12T06:08:56.000,0,50,100000,100000,cute_TRIM2D_scan_targetID340_2025_01_12_06_08_frmid_4871_V2_nimgpkts_446_L1id19789_botrows_24_midrows_56.fits,0,4871,8038.126,6005.661,6482.1323,4871,3847,3848,3846,65535,65535,65535,446,3831.4424,2313,2313,379.56384,8853.737,7687.5713,7691.838,1,5,CUTE,2460687.756203704,2,2200,100,0,446,scan_targetID340,CU-LASP,32768,2,0,-4.235700000000008,0,0,True,5,30,30,30,50,102,0,0,256,100,415,340,5775,-3.363400000000013,4,CUTE CubeSat,0,0,0.2963619828224182,0.08368510007858276,0.8478736877441406,0.4315944910049438,-2296.400390625,-5133.373046875,-3890.4921875,-3.221854209899902,-3.244384765625,6.203067779541016,1.22820238175336e-05,6.72086389386095e-06,4.52620770374778e-06,789977373
2,C:\Users\Joshua\Documents\CUTE_Solar_System_Observations\Mars_analysis_2026\CUTE_observations\Visit2\cute_TRIM2D_scan_targetID340_2025_01_12_06_11_frmid_4872_V2_nimgpkts_446_L1id19788_botrows_24_midrows_56.fits,47,TRIM2D,16,1,32768,-1.539500000000032,2025-02-10T18:36:40.422,2025-01-12T06:11:41.000,0,50,100000,100000,cute_TRIM2D_scan_targetID340_2025_01_12_06_11_frmid_4872_V2_nimgpkts_446_L1id19788_botrows_24_midrows_56.fits,0,4872,8152.0874,6078.5283,6566.766,4872,3845,3855,3841,65535,65535,65535,446,3832.683,2313,2313,379.68512,9050.678,7894.1826,7893.0146,2,5,CUTE,2460687.758113426,2,2200,100,0,446,scan_targetID340,CU-LASP,32768,2,0,-4.314999999999998,0,0,True,5,30,30,30,50,102,0,0,256,100,415,340,60835,-3.442700000000002,65491,CUTE CubeSat,0,0,0.2963634729385376,0.08367064595222473,0.8478701114654541,0.4316043257713318,-2792.005859375,-5573.119140625,-2806.80078125,-2.76366138458252,-2.07243824005127,6.895673751831055,4.0904022171162e-05,2.4185974325519e-05,1.4712803022121e-05,789977538
2,C:\Users\Joshua\Documents\CUTE_Solar_System_Observations\Mars_analysis_2026\CUTE_observations\Visit2\cute_TRIM2D_scan_targetID340_2025_01_12_06_14_frmid_4873_V2_nimgpkts_445_L1id19787_botrows_24_midrows_54.fits,47,TRIM2D,16,1,32768,-1.222300000000018,2025-02-10T18:36:15.281,2025-01-12T06:14:26.000,0,50,100000,100000,cute_TRIM2D_scan_targetID340_2025_01_12_06_14_frmid_4873_V2_nimgpkts_445_L1id19787_botrows_24_midrows_54.fits,0,4873,8243.807,6125.664,6632.9233,4873,3841,3856,3854,65535,65535,65535,446,3834.4094,2313,2313,379.85193,9166.36,8021.727,8016.5493,3,5,CUTE,2460687.760023148,2,2200,100,494,445,scan_targetID340,CU-LASP,32768,2,0,-4.552899999999994,0,0,True,5,30,30,30,50,102,0,0,256,100,415,340,5973,-3.601299999999981,4,CUTE CubeSat,0,0,0.2963545322418213,0.0836910605430603,0.8478760719299316,0.4315974712371826,-3201.380859375,-5813.890625,-1628.43798828125,-2.18244457244873,-0.8414895534515381,7.355106353759766,9.64794526225887e-06,-1.0987678251694e-05,1.2691596566583e-05,789977703
2,C:\Users\Joshua\Documents\CUTE_Solar_System_Observations\Mars_analysis_2026\CUTE_observations\Visit2\cute_TRIM2D_scan_targetID340_2025_01_12_06_17_frmid_4874_V2_nimgpkts_445_L1id21580_botrows_24_midrows_55.fits,47,TRIM2D,16,1,32768,-1.063699999999983,2025-07-25T07:07:44.409,2025-01-12T06:17:11.000,0,50,100000,100000,cute_TRIM2D_scan_targetID340_2025_01_12_06_17_frmid_4874_V2_nimgpkts_445_L1id21580_botrows_24_midrows_55.fits,0,4874,8301.385,6144.4634,6651.7344,4874,3851,3859,3849,65535,65535,65535,446,3836.5007,2313,2313,380.06656,9249.329,8070.287,8066.1475,4,5,CUTE,2460687.76193287,2,2200,100,494,445,scan_targetID340,CU-LASP,32768,2,0,-4.949399999999997,0,0,True,5,30,30,30,50,102,0,0,256,100,415,340,5896,-3.839200000000005,4,CUTE CubeSat,0,0,0.2963563203811646,0.08367064595222473,0.8478736877441406,0.4316043257713318,-3506.1904296875,-5849.73046875,-394.0301513671875,-1.496367931365967,0.4052659273147583,7.565010070800781,4.71216917503625e-05,1.03306119854096e-05,1.25596925499849e-05,789977868
3,C:\Users\Joshua\Documents\CUTE_Solar_System_Observations\Mars_analysis_2026\CUTE_observations\Visit3\cute_TRIM2D_scan_targetID340_2025_01_19_05_09_frmid_4923_V2_nimgpkts_446_L1id21813_botrows_24_midrows_56.fits,47,TRIM2D,16,1,32768,-2.808300000000031,2025-08-16T07:05:27.710,2025-01-19T05:09:26.000,0,50,100000,100000,cute_TRIM2D_scan_targetID340_2025_01_19_05_09_frmid_4923_V2_nimgpkts_446_L1id21813_botrows_24_midrows_56.fits,0,4923,8175.6934,5831.8354,6281.767,4923,3847,3844,3842,65535,65535,65535,446,3831.1125,2313,2313,379.53558,8711.399,7223.0415,7228.381,0,7,CUTE,2460694.714884259,2,2200,100,0,446,scan_targetID340,CU-LASP,32768,2,0,-6.852599999999995,0,0,True,5,30,30,30,50,102,0,0,256,100,415,340,5874,-5.742400000000004,4,CUTE CubeSat,0,0,0.5396384000778198,0.6859207153320312,0.4829081296920776,0.07144007086753845,-477.9840087890625,-4584.203125,-5048.021484375,-2.369746208190918,-5.305160522460938,5.055654525756836,-9.6494477475062e-06,-3.0590177630074e-05,1.32537279569078e-05,790578603
3,C:\Users\Joshua\Documents\CUTE_Solar_System_Observations\Mars_analysis_2026\CUTE_observations\Visit3\cute_TRIM2D_scan_targetID340_2025_01_19_05_12_frmid_4924_V2_nimgpkts_445_L1id19824_botrows_24_midrows_55.fits,47,TRIM2D,16,1,32768,-2.728999999999985,2025-02-23T07:08:02.051,2025-01-19T05:12:11.000,0,50,100000,100000,cute_TRIM2D_scan_targetID340_2025_01_19_05_12_frmid_4924_V2_nimgpkts_445_L1id19824_botrows_24_midrows_55.fits,0,4924,8246.805,5835.112,6290.2617,4924,3843,3848,3849,65535,65535,65535,446,3830.4163,2313,2313,379.46957,8797.747,7277.3555,7282.7383,1,7,CUTE,2460694.716793981,2,2200,100,494,445,scan_targetID340,CU-LASP,32768,2,0,-6.773300000000006,0,0,True,5,30,30,30,50,102,0,0,256,100,415,340,5820,-5.663100000000014,4,CUTE CubeSat,0,0,0.5396461486816406,0.6859242916107178,0.482890248298645,0.07142114639282227,-868.565185546875,-5372.77734375,-4132.884765625,-2.346786499023438,-4.225982666015625,6.004894256591797,-5.9948302805423e-05,-2.9861388611607e-05,-1.0786134225782e-05,790578768
3,C:\Users\Joshua\Documents\CUTE_Solar_System_Observations\Mars_analysis_2026\CUTE_observations\Visit3\cute_TRIM2D_scan_targetID340_2025_01_19_05_14_frmid_4925_V2_nimgpkts_446_L1id19894_botrows_24_midrows_56.fits,47,TRIM2D,16,1,32768,-2.570400000000006,2025-02-28T07:04:28.135,2025-01-19T05:14:56.000,0,50,100000,100000,cute_TRIM2D_scan_targetID340_2025_01_19_05_14_frmid_4925_V2_nimgpkts_446_L1id19894_botrows_24_midrows_56.fits,0,4925,8281.018,5844.877,6303.711,4925,3850,3843,3844,65535,65535,65535,446,3831.0051,2313,2313,379.52097,8854.1455,7325.269,7340.9575,2,7,CUTE,2460694.718703703,2,2200,100,0,446,scan_targetID340,CU-LASP,32768,2,0,-6.852599999999995,0,0,True,5,30,30,30,50,102,0,0,256,100,415,340,5786,-5.742400000000004,4,CUTE CubeSat,0,0,0.5396485328674316,0.6859207153320312,0.4828950166702271,0.07144401967525482,-1246.541015625,-5970.921875,-3077.50390625,-2.216681480407715,-3.003653526306152,6.751811981201172,-2.4260538339149e-05,1.35725622385507e-06,6.31724219601892e-07,790578933
3,C:\Users\Joshua\Documents\CUTE_Solar_System_Observations\Mars_analysis_2026\CUTE_observations\Visit3\cute_TRIM2D_scan_targetID340_2025_01_19_05_17_frmid_4926_V2_nimgpkts_446_L1id19893_botrows_24_midrows_56.fits,47,TRIM2D,16,1,32768,-2.491100000000017,2025-02-28T07:04:07.300,2025-01-19T05:17:41.000,0,50,100000,100000,cute_TRIM2D_scan_targetID340_2025_01_19_05_17_frmid_4926_V2_nimgpkts_446_L1id19893_botrows_24_midrows_56.fits,0,4926,8283.945,5841.483,6294.777,4926,3852,3841,3846,65535,65535,65535,446,3832.363,2313,2313,379.64893,8847.323,7329.7935,7346.86,3,7,CUTE,2460694.720613426,2,2200,100,0,446,scan_targetID340,CU-LASP,32768,2,0,-7.169800000000009,0,0,True,5,30,30,30,50,102,0,0,256,100,415,340,5833,-5.9803,4,CUTE CubeSat,0,0,0.5396461486816406,0.685928463935852,0.4828872680664062,0.0714348554611206,-1593.8310546875,-6358.2265625,-1918.806640625,-1.980953693389893,-1.683741092681885,7.269752502441406,-5.3618947276845e-05,-5.6432727433275e-06,6.86521434545284e-06,790579098
3,C:\Users\Joshua\Documents\CUTE_Solar_System_Observations\Mars_analysis_2026\CUTE_observations\Visit3\cute_TRIM2D_scan_targetID340_2025_01_19_05_20_frmid_4927_V2_nimgpkts_446_L1id19892_botrows_24_midrows_56.fits,47,TRIM2D,16,1,32768,-2.570400000000006,2025-02-28T07:03:45.043,2025-01-19T05:20:26.000,0,50,100000,100000,cute_TRIM2D_scan_targetID340_2025_01_19_05_20_frmid_4927_V2_nimgpkts_446_L1id19892_botrows_24_midrows_56.fits,0,4927,8154.5845,5823.3394,6274.079,4927,3853,3851,3855,65535,65535,65535,446,3834.2966,2313,2313,379.8365,7941.1562,7285.467,7310.419,4,7,CUTE,2460694.722523148,2,2200,100,0,446,scan_targetID340,CU-LASP,32768,2,0,-7.566300000000012,0,0,True,5,30,30,30,50,102,0,0,256,100,415,340,5824,-6.297500000000014,4,CUTE CubeSat,0,0,0.5396461486816406,0.6859481334686279,0.4828604459762573,0.07143038511276245,-1894.6123046875,-6523.16796875,-691.8623046875,-1.644497394561768,-0.3083723783493042,7.541501998901367,-0.00011275301221758,1.12375146272825e-05,2.79818232229445e-05,790579263
3,C:\Users\Joshua\Documents\CUTE_Solar_System_Observations\Mars_analysis_2026\CUTE_observations\Visit3\cute_TRIM2D_scan_targetID340_2025_01_19_05_23_frmid_4928_V2_nimgpkts_446_L1id19820_botrows_24_midrows_56.fits,47,TRIM2D,16,1,32768,-2.728999999999985,2025-02-23T07:05:24.093,2025-01-19T05:23:12.000,0,50,100000,100000,cute_TRIM2D_scan_targetID340_2025_01_19_05_23_frmid_4928_V2_nimgpkts_446_L1id19820_botrows_24_midrows_56.fits,0,4928,8211.241,5794.008,6236.5176,4928,3851,3850,3843,65535,65535,65535,446,3836.3315,2313,2313,380.04712,8719.992,7207.836,7232.211,5,7,CUTE,2460694.724444444,2,2200,100,0,446,scan_targetID340,CU-LASP,32768,2,0,-7.962800000000016,0,0,True,5,30,30,30,50,102,0,0,256,100,415,340,5377,-6.694000000000017,4,CUTE CubeSat,0,0,0.5396461486816406,0.685928463935852,0.4828890562057495,0.07143336534500122,-2133.2412109375,-6459.10546875,564.765625,-1.216309547424316,1.076454162597656,7.554758071899414,-5.1516195526346e-05,-1.2174568837508e-05,6.49108005745802e-06,790579429
3,C:\Users\Joshua\Documents\CUTE_Solar_System_Observations\Mars_analysis_2026\CUTE_observations\Visit3\cute_TRIM2D_scan_targetID340_2025_01_19_05_25_frmid_4929_V2_nimgpkts_445_L1id19819_botrows_24_midrows_55.fits,47,TRIM2D,16,1,32768,-2.96690000000001,2025-02-23T07:04:57.924,2025-01-19T05:25:57.000,0,50,100000,100000,cute_TRIM2D_scan_targetID340_2025_01_19_05_25_frmid_4929_V2_nimgpkts_445_L1id19819_botrows_24_midrows_55.fits,0,4929,5958.538,5751.0767,6103.9854,4929,3847,3852,3863,65535,65535,65535,446,3838.3228,2313,2313,380.25134,7217.502,7102.263,7116.394,6,7,CUTE,2460694.726354167,2,2200,100,494,445,scan_targetID340,CU-LASP,32768,2,0,-8.438600000000008,0,0,True,5,30,30,30,50,102,0,0,256,100,415,340,5811,-7.169800000000009,4,CUTE CubeSat,0,0,-0.4150468111038208,0.8505702018737793,0.2412694096565247,0.2146119773387909,-2293.568359375,-6170.7265625,1794.544921875,-0.7162184715270996,2.406402587890625,7.308948516845703,-0.01148013398051262,0.001623175572603941,-0.6487579345703125,790579594
4,C:\Users\Joshua\Documents\CUTE_Solar_System_Observations\Mars_analysis_2026\CUTE_observations\Visit4\cute_TRIM2D_scan_targetID340_2025_01_27_03_39_frmid_4973_V2_nimgpkts_446_L1id21815_botrows_24_midrows_56.fits,47,TRIM2D,16,1,32768,-1.460199999999986,2025-08-16T07:06:04.884,2025-01-27T03:39:46.000,0,50,100000,100000,cute_TRIM2D_scan_targetID340_2025_01_27_03_39_frmid_4973_V2_nimgpkts_446_L1id21815_botrows_24_midrows_56.fits,0,4973,7606.249,6060.662,6550.232,4973,3847,3851,3848,65535,65535,65535,446,3833.253,2313,2313,379.73615,8572.962,7865.1934,7925.4727,0,8,CUTE,2460702.652615741,2,2200,100,0,446,scan_targetID340,CU-LASP,32768,2,0,-3.839200000000005,0,0,True,5,30,30,30,50,102,0,0,256,100,415,340,5986,-3.125499999999988,4,CUTE CubeSat,0,0,0.07425788044929504,-0.2997297048568726,0.7718682289123535,0.5557554960250854,1244.26416015625,-6303.24609375,-2305.82421875,-1.001041412353516,-2.795347213745117,7.129037857055664,1.87478144653141e-06,1.2901435184176e-05,-1.0895091691054e-05,791264423
4,C:\Users\Joshua\Documents\CUTE_Solar_System_Observations\Mars_analysis_2026\CUTE_observations\Visit4\cute_TRIM2D_scan_targetID340_2025_01_27_03_42_frmid_4974_V2_nimgpkts_446_L1id21814_botrows_24_midrows_56.fits,47,TRIM2D,16,1,32768,-1.222300000000018,2025-08-16T07:05:46.741,2025-01-27T03:42:31.000,0,50,100000,100000,cute_TRIM2D_scan_targetID340_2025_01_27_03_42_frmid_4974_V2_nimgpkts_446_L1id21814_botrows_24_midrows_56.fits,0,4974,7492.412,6110.9165,6612.569,4974,3846,3847,3853,65535,65535,65535,446,3835.2568,2313,2313,379.93445,8551.21,8000.6646,8060.2275,1,8,CUTE,2460702.654525463,2,2200,100,0,446,scan_targetID340,CU-LASP,32768,2,0,-3.997800000000012,0,0,True,5,30,30,30,50,102,0,0,256,100,415,340,5879,-3.125499999999988,4,CUTE CubeSat,0,0,0.07425490021705627,-0.2997118234634399,0.7718658447265625,0.5557745695114136,1054.2861328125,-6652.7578125,-1096.84619140625,-1.289766311645508,-1.4281325340271,7.483280181884766,-2.2181251551955e-05,-2.3988599423319e-05,2.094642695738e-05,791264588
4,C:\Users\Joshua\Documents\CUTE_Solar_System_Observations\Mars_analysis_2026\CUTE_observations\Visit4\cute_TRIM2D_scan_targetID340_2025_01_27_03_45_frmid_4975_V2_nimgpkts_446_L1id19913_botrows_24_midrows_56.fits,47,TRIM2D,16,1,32768,-0.9843999999999937,2025-03-02T18:36:44.870,2025-01-27T03:45:16.000,0,50,100000,100000,cute_TRIM2D_scan_targetID340_2025_01_27_03_45_frmid_4975_V2_nimgpkts_446_L1id19913_botrows_24_midrows_56.fits,0,4975,7889.521,6153.2437,6667.482,4975,3848,3857,3855,65535,65535,65535,446,3837.6365,2313,2313,380.18552,8918.093,8103.554,8149.454,2,8,CUTE,2460702.656435185,2,2200,100,0,446,scan_targetID340,CU-LASP,32768,2,0,-4.394300000000015,0,0,True,5,30,30,30,50,102,0,0,256,100,415,340,5874,-3.363400000000013,4,CUTE CubeSat,0,0,0.07426607608795166,-0.2997297048568726,0.7718658447265625,0.5557596683502197,822.88330078125,-6771.361328125,149.6175537109375,-1.5013747215271,-0.00493722409009933,7.581985473632812,-1.3596109056379e-05,1.7691527318675e-05,2.87292186840204e-06,791264753
4,C:\Users\Joshua\Documents\CUTE_Solar_System_Observations\Mars_analysis_2026\CUTE_observations\Visit4\cute_TRIM2D_scan_targetID340_2025_01_27_03_48_frmid_4976_V2_nimgpkts_446_L1id19912_botrows_24_midrows_56.fits,47,TRIM2D,16,1,32768,-0.9051000000000045,2025-03-02T18:36:19.443,2025-01-27T03:48:01.000,0,50,100000,100000,cute_TRIM2D_scan_targetID340_2025_01_27_03_48_frmid_4976_V2_nimgpkts_446_L1id19912_botrows_24_midrows_56.fits,0,4976,8020.22,6167.9326,6679.423,4976,3849,3858,3855,65535,65535,65535,446,3840.352,2313,2313,380.47128,9023.354,8133.5117,8174.336,3,8,CUTE,2460702.658344907,2,2200,100,0,446,scan_targetID340,CU-LASP,32768,2,0,-4.870100000000008,0,0,True,5,30,30,30,50,102,0,0,256,100,415,340,5821,-3.759900000000016,4,CUTE CubeSat,0,0,0.07423999905586243,-0.2997446060180664,0.7718658447265625,0.5557554960250854,563.843994140625,-6654.369140625,1389.45458984375,-1.627712726593018,1.421712875366211,7.421625137329102,4.63227916043251e-05,3.6967103369534e-06,-2.1486943296622e-05,791264918
4,C:\Users\Joshua\Documents\CUTE_Solar_System_Observations\Mars_analysis_2026\CUTE_observations\Visit4\cute_TRIM2D_scan_targetID340_2025_01_27_03_50_frmid_4977_V2_nimgpkts_446_L1id19911_botrows_24_midrows_56.fits,47,TRIM2D,16,1,32768,-0.9051000000000045,2025-03-02T18:35:51.939,2025-01-27T03:50:46.000,0,50,100000,100000,cute_TRIM2D_scan_targetID340_2025_01_27_03_50_frmid_4977_V2_nimgpkts_446_L1id19911_botrows_24_midrows_56.fits,0,4977,8034.3574,6148.525,6651.6855,4977,3855,3859,3860,65535,65535,65535,446,3843.4507,2313,2313,380.77747,8983.375,8085.0225,8129.1816,4,8,CUTE,2460702.66025463,2,2200,100,0,446,scan_targetID340,CU-LASP,32768,2,0,-5.663100000000014,0,0,True,5,30,30,30,50,102,0,0,256,100,415,340,4520,-4.394300000000015,4,CUTE CubeSat,0,0,0.07424372434616089,-0.2997356653213501,0.7718682289123535,0.5557554960250854,290.56787109375,-6303.9296875,2584.9619140625,-1.665132522583008,2.806135177612305,7.006490707397461,2.31685044127516e-05,-2.8679314709734e-06,-2.5639514205977e-05,791265083
4,C:\Users\Joshua\Documents\CUTE_Solar_System_Observations\Mars_analysis_2026\CUTE_observations\Visit4\cute_TRIM2D_scan_targetID340_2025_01_27_03_53_frmid_4978_V2_nimgpkts_446_L1id19910_botrows_24_midrows_56.fits,47,TRIM2D,16,1,32768,-2.094600000000014,2025-03-02T18:35:28.494,2025-01-27T03:53:31.000,0,50,100000,100000,cute_TRIM2D_scan_targetID340_2025_01_27_03_53_frmid_4978_V2_nimgpkts_446_L1id19910_botrows_24_midrows_56.fits,0,4978,8005.386,6095.546,6593.2227,4978,3858,3859,3859,65535,65535,65535,446,3846.5945,2313,2313,381.0709,8870.944,7955.1523,8002.7207,5,8,CUTE,2460702.662164352,2,2200,100,0,446,scan_targetID340,CU-LASP,32768,2,0,-9.707400000000007,0,0,True,5,30,30,30,50,102,0,0,256,100,415,340,65315,-8.042100000000005,4,CUTE CubeSat,0,0,0.07425862550735474,-0.2997058629989624,0.771874189376831,0.5557596683502197,18.86474609375,-5733.12890625,3690.1865234375,-1.613705635070801,4.092395782470703,6.351936340332031,-3.9062302676029e-05,-1.5301651728805e-05,-7.3505761974956e-06,791265248
4,C:\Users\Joshua\Documents\CUTE_Solar_System_Observations\Mars_analysis_2026\CUTE_observations\Visit4\cute_TRIM2D_scan_targetID340_2025_01_27_03_56_frmid_4979_V2_nimgpkts_445_L1id19909_botrows_24_midrows_54.fits,47,TRIM2D,16,1,32768,-1.539500000000032,2025-03-02T18:35:04.537,2025-01-27T03:56:16.000,0,50,100000,100000,cute_TRIM2D_scan_targetID340_2025_01_27_03_56_frmid_4979_V2_nimgpkts_445_L1id19909_botrows_24_midrows_54.fits,0,4979,7972.674,6013.1016,6491.89,4979,3867,3862,3867,65535,65535,65535,446,3849.6013,2313,2313,381.35757,8718.675,7749.009,7794.799,6,8,CUTE,2460702.664074074,2,2200,100,494,445,scan_targetID340,CU-LASP,32768,2,0,-7.645600000000002,0,0,True,5,30,30,30,50,102,0,0,256,100,415,340,5718,-6.218199999999996,4,CUTE CubeSat,0,0,0.07425341010093689,-0.2997356653213501,0.7718580961227417,0.5557632446289062,-237.3243408203125,-4961.25390625,4669.138671875,-1.478212356567383,5.236709594726562,5.480611801147461,2.7334717742633e-05,1.28935680550057e-05,8.00221459940075e-06,791265413
4,C:\Users\Joshua\Documents\CUTE_Solar_System_Observations\Mars_analysis_2026\CUTE_observations\Visit4\cute_TRIM2D_scan_targetID340_2025_01_27_03_59_frmid_4980_V2_nimgpkts_443_L1id19908_botrows_23_midrows_55.fits,47,TRIM2D,16,1,32768,-2.094600000000014,2025-03-02T18:34:39.400,2025-01-27T03:59:01.000,0,50,100000,100000,cute_TRIM2D_scan_targetID340_2025_01_27_03_59_frmid_4980_V2_nimgpkts_443_L1id19908_botrows_23_midrows_55.fits,0,4980,7895.137,5908.106,6347.49,4980,3869,3864,3866,65535,65535,65535,446,3852.2957,2313,2313,381.627,8513.921,7477.277,7525.837,7,8,CUTE,2460702.665983796,2,2200,100,1482,443,scan_targetID340,CU-LASP,32768,2,0,-11.76920000000001,0,0,True,5,30,30,30,50,102,0,0,256,100,415,340,65323,-10.02459999999999,4,CUTE CubeSat,0,0,0.07425594329833984,-0.2997297048568726,0.7718545198440552,0.5557745695114136,-464.779052734375,-4015.052734375,5488.5234375,-1.2672119140625,6.198299407958984,4.422653198242188,1.72560612554661e-05,3.27444104186724e-06,2.88663068204186e-05,791265578
4,C:\Users\Joshua\Documents\CUTE_Solar_System_Observations\Mars_analysis_2026\CUTE_observations\Visit4\cute_TRIM2D_scan_targetID340_2025_01_27_05_05_frmid_4981_V2_nimgpkts_443_L1id19907_botrows_21_midrows_54.fits,47,TRIM2D,16,1,32768,-2.491100000000017,2025-03-02T18:34:14.351,2025-01-27T05:05:36.000,0,50,100000,100000,cute_TRIM2D_scan_targetID340_2025_01_27_05_05_frmid_4981_V2_nimgpkts_443_L1id19907_botrows_21_midrows_54.fits,0,4981,7884.9756,5882.674,6331.0645,4981,3841,3842,3839,65535,65535,65535,446,3828.8066,2313,2313,379.31985,8344.068,7366.9556,7382.949,0,7,CUTE,2460702.712222222,2,2200,100,1482,443,scan_targetID340,CU-LASP,32768,2,0,-6.614699999999999,0,0,True,5,30,30,30,50,102,0,0,256,100,415,340,5790,-5.425200000000018,4,CUTE CubeSat,0,0,-0.5599470138549805,-0.7724435329437256,-0.2925980091094971,0.06447936594486237,-329.2413330078125,-4447.142578125,-5173.36328125,-2.257927894592285,-5.509866714477539,4.891193389892578,-3.9985257899388e-05,-1.2735727068502e-05,-3.0805909773334e-05,791269573
4,C:\Users\Joshua\Documents\CUTE_Solar_System_Observations\Mars_analysis_2026\CUTE_observations\Visit4\cute_TRIM2D_scan_targetID340_2025_01_27_05_08_frmid_4982_V2_nimgpkts_446_L1id20460_botrows_24_midrows_56.fits,47,TRIM2D,16,1,32768,-2.411800000000028,2025-04-30T07:11:58.343,2025-01-27T05:08:21.000,0,50,100000,100000,cute_TRIM2D_scan_targetID340_2025_01_27_05_08_frmid_4982_V2_nimgpkts_446_L1id20460_botrows_24_midrows_56.fits,0,4982,7954.749,5883.6714,6336.322,4982,3842,3838,3852,65535,65535,65535,446,3828.222,2313,2313,379.2655,8452.358,7402.5547,7422.924,1,7,CUTE,2460702.714131944,2,2200,100,0,446,scan_targetID340,CU-LASP,32768,2,0,-6.614699999999999,0,0,True,5,30,30,30,50,102,0,0,256,100,415,340,5806,-5.425200000000018,4,CUTE CubeSat,0,0,-0.5599470138549805,-0.7724435329437256,-0.2926039695739746,0.06447377800941467,-704.37451171875,-5271.60546875,-4282.982421875,-2.272161483764648,-4.455055236816406,5.87109375,-2.3559681721962e-05,-8.9008426584769e-06,-3.0963798053562e-05,791269738
4,C:\Users\Joshua\Documents\CUTE_Solar_System_Observations\Mars_analysis_2026\CUTE_observations\Visit4\cute_TRIM2D_scan_targetID340_2025_01_27_05_11_frmid_4983_V2_nimgpkts_446_L1id20459_botrows_24_midrows_56.fits,47,TRIM2D,16,1,32768,-9.073000000000008,2025-04-30T07:09:10.962,2025-01-27T05:11:06.000,0,50,100000,100000,cute_TRIM2D_scan_targetID340_2025_01_27_05_11_frmid_4983_V2_nimgpkts_446_L1id20459_botrows_24_midrows_56.fits,0,4983,7969.047,5887.525,6342.0444,4983,3844,3843,3843,65535,65535,65535,446,3828.8794,2313,2313,379.32538,8491.369,7438.444,7468.1924,2,7,CUTE,2460702.716041666,2,2200,100,0,446,scan_targetID340,CU-LASP,32768,2,0,-12.8794,0,0,True,5,30,30,30,50,102,0,0,256,100,415,340,60850,-22.47470000000001,65492,CUTE CubeSat,0,0,-0.5599350929260254,-0.7724614143371582,-0.2926039695739746,0.06449314951896667,-1073.3232421875,-5908.91015625,-3246.83984375,-2.182039260864258,-3.248533248901367,6.652772903442383,-5.5377546232193e-05,-4.840936162509e-05,-8.0932022683555e-07,791269903
4,C:\Users\Joshua\Documents\CUTE_Solar_System_Observations\Mars_analysis_2026\CUTE_observations\Visit4\cute_TRIM2D_scan_targetID340_2025_01_27_05_13_frmid_4984_V2_nimgpkts_446_L1id20458_botrows_24_midrows_56.fits,47,TRIM2D,16,1,32768,-2.253199999999993,2025-04-30T07:16:41.575,2025-01-27T05:13:51.000,0,50,100000,100000,cute_TRIM2D_scan_targetID340_2025_01_27_05_13_frmid_4984_V2_nimgpkts_446_L1id20458_botrows_24_midrows_56.fits,0,4984,7971.0527,5879.7603,6332.244,4984,3847,3842,3841,65535,65535,65535,446,3830.336,2313,2313,379.46158,8483.559,7434.2227,7453.184,3,7,CUTE,2460702.717951389,2,2200,100,0,446,scan_targetID340,CU-LASP,32768,2,0,-7.090499999999992,0,0,True,5,30,30,30,50,102,0,0,256,100,415,340,5870,-5.821699999999993,4,CUTE CubeSat,0,0,-0.5599470138549805,-0.7724614143371582,-0.2925980091094971,0.06445835530757904,-1418.72119140625,-6337.62109375,-2099.9892578125,-1.9874267578125,-1.933377265930176,7.208812713623047,-1.6370853700209e-05,1.5921195881674e-05,-6.4785072027007e-06,791270068
4,C:\Users\Joshua\Documents\CUTE_Solar_System_Observations\Mars_analysis_2026\CUTE_observations\Visit4\cute_TRIM2D_scan_targetID340_2025_01_27_05_16_frmid_4985_V2_nimgpkts_446_L1id20457_botrows_24_midrows_56.fits,47,TRIM2D,16,1,32768,-2.332499999999982,2025-04-30T07:13:07.650,2025-01-27T05:16:36.000,0,50,100000,100000,cute_TRIM2D_scan_targetID340_2025_01_27_05_16_frmid_4985_V2_nimgpkts_446_L1id20457_botrows_24_midrows_56.fits,0,4985,7947.673,5858.747,6300.423,4985,3848,3843,3845,65535,65535,65535,446,3832.392,2313,2313,379.65265,8456.478,7386.073,7396.5747,4,7,CUTE,2460702.719861111,2,2200,100,0,446,scan_targetID340,CU-LASP,32768,2,0,-7.407700000000006,0,0,True,5,30,30,30,50,102,0,0,256,100,415,340,6019,-6.138900000000007,4,CUTE CubeSat,0,0,-0.5599350929260254,-0.7724614143371582,-0.2925980091094971,0.06448569893836975,-1723.62841796875,-6543.48046875,-881.4375,-1.692598342895508,-0.5566866397857666,7.519281387329102,-5.3171112085692e-05,-3.2246913178823e-05,6.13360316492617e-06,791270233
4,C:\Users\Joshua\Documents\CUTE_Solar_System_Observations\Mars_analysis_2026\CUTE_observations\Visit4\cute_TRIM2D_scan_targetID340_2025_01_27_05_19_frmid_4986_V2_nimgpkts_444_L1id21617_botrows_21_midrows_56.fits,47,TRIM2D,16,1,32768,-2.491100000000017,2025-07-26T07:15:11.352,2025-01-27T05:19:21.000,0,50,100000,100000,cute_TRIM2D_scan_targetID340_2025_01_27_05_19_frmid_4986_V2_nimgpkts_444_L1id21617_botrows_21_midrows_56.fits,0,4986,7895.7764,5824.5327,6259.979,4986,3847,3855,3846,65535,65535,65535,446,3834.7927,2313,2313,379.88608,8351.327,7300.4604,7308.9,5,7,CUTE,2460702.721770833,2,2200,100,988,444,scan_targetID340,CU-LASP,32768,2,0,-7.804200000000009,0,0,True,5,30,30,30,50,102,0,0,256,100,415,340,5948,-6.53540000000001,4,CUTE CubeSat,0,0,-0.5599350929260254,-0.7724614143371582,-0.2926099300384521,0.06446558237075806,-1971.96826171875,-6520.873046875,365.7174072265625,-1.307123184204102,0.83046555519104,7.573020935058594,-1.8178019672632e-05,-1.5352765331044e-05,3.11102194245904e-05,791270398
4,C:\Users\Joshua\Documents\CUTE_Solar_System_Observations\Mars_analysis_2026\CUTE_observations\Visit4\cute_TRIM2D_scan_targetID340_2025_01_27_05_22_frmid_4987_V2_nimgpkts_445_L1id21616_botrows_24_midrows_55.fits,47,TRIM2D,16,1,32768,-2.728999999999985,2025-07-26T07:11:26.034,2025-01-27T05:22:06.000,0,50,100000,100000,cute_TRIM2D_scan_targetID340_2025_01_27_05_22_frmid_4987_V2_nimgpkts_445_L1id21616_botrows_24_midrows_55.fits,0,4987,6421.3936,5782.8184,6177.963,4987,3851,3853,3852,65535,65535,65535,446,3837.1226,2313,2313,380.12613,7331.016,7190.86,7195.099,6,7,CUTE,2460702.723680555,2,2200,100,494,445,scan_targetID340,CU-LASP,32768,2,0,-8.200700000000012,0,0,True,5,30,30,30,50,102,0,0,256,100,415,340,5801,-6.931900000000013,4,CUTE CubeSat,0,0,-0.5599350929260254,-0.7724614143371582,-0.2926099300384521,0.06445068120956421,-2150.404296875,-6271.5078125,1601.85693359375,-0.8436412811279297,2.181645393371582,7.367742538452148,6.74289185553789e-06,7.22658842278178e-06,2.35564039030578e-05,791270563
5,C:\Users\Joshua\Documents\CUTE_Solar_System_Observations\Mars_analysis_2026\CUTE_observations\Visit5\cute_TRIM2D_scan_targetID340_2025_02_03_03_58_frmid_5029_V2_nimgpkts_446_L1id19767_botrows_24_midrows_56.fits,47,TRIM2D,16,1,32768,-4.473600000000005,2025-02-10T07:08:26.625,2025-02-03T03:58:41.000,0,50,100000,100000,cute_TRIM2D_scan_targetID340_2025_02_03_03_58_frmid_5029_V2_nimgpkts_446_L1id19767_botrows_24_midrows_56.fits,0,5029,7623.128,5904.336,6344.902,5029,3853,3842,3837,65535,65535,65535,446,3829.667,2313,2313,379.39746,8208.744,7436.7666,7440.587,0,10,CUTE,2460709.665752315,2,2200,100,0,446,scan_targetID340,CU-LASP,32768,2,0,-12.8794,0,0,True,5,30,30,30,50,102,0,0,256,100,415,340,60845,-21.99889999999999,65491,CUTE CubeSat,0,0,-0.5706162452697754,-0.7770867347717285,-0.2480323314666748,0.09496401250362396,979.365234375,-4411.7421875,-5115.2578125,-0.5695791244506836,-5.871833801269531,4.963338851928711,-1.2168384273536e-05,-1.3054323062533e-05,-2.0941064576618e-05,791870358
5,C:\Users\Joshua\Documents\CUTE_Solar_System_Observations\Mars_analysis_2026\CUTE_observations\Visit5\cute_TRIM2D_scan_targetID340_2025_02_03_04_01_frmid_5030_V2_nimgpkts_445_L1id19766_botrows_24_midrows_55.fits,47,TRIM2D,16,1,32768,-2.253199999999993,2025-02-10T07:08:00.159,2025-02-03T04:01:26.000,0,50,100000,100000,cute_TRIM2D_scan_targetID340_2025_02_03_04_01_frmid_5030_V2_nimgpkts_445_L1id19766_botrows_24_midrows_55.fits,0,5030,7674.72,5909.373,6348.003,5030,3840,3842,3848,65535,65535,65535,446,3829.1519,2313,2313,379.35007,8256.348,7457.805,7469.9487,1,10,CUTE,2460709.667662037,2,2200,100,494,445,scan_targetID340,CU-LASP,32768,2,0,-6.53540000000001,0,0,True,5,30,30,30,50,102,0,0,256,100,415,340,5852,-5.3459,4,CUTE CubeSat,0,0,-0.5706043243408203,-0.7770986557006836,-0.2480323314666748,0.09494367241859436,858.375244140625,-5299.2421875,-4213.890625,-0.8887262344360352,-4.853023529052734,5.931890487670898,3.07071422867011e-06,1.39899184432579e-05,2.42936584982089e-05,791870523
5,C:\Users\Joshua\Documents\CUTE_Solar_System_Observations\Mars_analysis_2026\CUTE_observations\Visit5\cute_TRIM2D_scan_targetID340_2025_02_03_04_04_frmid_5031_V2_nimgpkts_446_L1id19765_botrows_24_midrows_56.fits,47,TRIM2D,16,1,32768,-2.173900000000003,2025-02-10T07:07:35.989,2025-02-03T04:04:11.000,0,50,100000,100000,cute_TRIM2D_scan_targetID340_2025_02_03_04_04_frmid_5031_V2_nimgpkts_446_L1id19765_botrows_24_midrows_56.fits,0,5031,7692.5044,5910.104,6344.77,5031,3843,3843,3842,65535,65535,65535,446,3829.8555,2313,2313,379.41748,8278.083,7477.7607,7481.759,2,10,CUTE,2460709.669571759,2,2200,100,0,446,scan_targetID340,CU-LASP,32768,2,0,-6.773300000000006,0,0,True,5,30,30,30,50,102,0,0,256,100,415,340,5787,-5.583799999999997,4,CUTE CubeSat,0,0,-0.5706162452697754,-0.7770867347717285,-0.2480382919311523,0.09495827555656433,689.173583984375,-6003.734375,-3168.7392578125,-1.151614665985107,-3.661068916320801,6.699836730957031,1.01749064924661e-05,-8.6563704826403e-06,-4.2759944335557e-05,791870688
5,C:\Users\Joshua\Documents\CUTE_Solar_System_Observations\Mars_analysis_2026\CUTE_observations\Visit5\cute_TRIM2D_scan_targetID340_2025_02_03_04_06_frmid_5032_V2_nimgpkts_446_L1id20844_botrows_24_midrows_56.fits,47,TRIM2D,16,1,32768,-2.253199999999993,2025-05-28T18:35:50.182,2025-02-03T04:06:56.000,0,50,100000,100000,cute_TRIM2D_scan_targetID340_2025_02_03_04_06_frmid_5032_V2_nimgpkts_446_L1id20844_botrows_24_midrows_56.fits,0,5032,7690.298,5886.732,6320.7188,5032,3845,3849,3842,65535,65535,65535,446,3831.306,2313,2313,379.54987,8259.669,7453.181,7456.797,3,10,CUTE,2460709.671481481,2,2200,100,0,446,scan_targetID340,CU-LASP,32768,2,0,-7.090499999999992,0,0,True,5,30,30,30,50,102,0,0,256,100,415,340,5835,-5.821699999999993,4,CUTE CubeSat,0,0,-0.5706162452697754,-0.7770867347717285,-0.2480204105377197,0.09495209157466888,482.151123046875,-6500.12109375,-2015.4619140625,-1.345341682434082,-2.337655067443848,7.239664077758789,-1.992661418626e-05,2.19220601138658e-05,-1.8241684301756e-05,791870853
5,C:\Users\Joshua\Documents\CUTE_Solar_System_Observations\Mars_analysis_2026\CUTE_observations\Visit5\cute_TRIM2D_scan_targetID340_2025_02_03_04_09_frmid_5033_V2_nimgpkts_445_L1id20843_botrows_24_midrows_56.fits,47,TRIM2D,16,1,32768,-2.332499999999982,2025-05-28T18:35:27.321,2025-02-03T04:09:41.000,0,50,100000,100000,cute_TRIM2D_scan_targetID340_2025_02_03_04_09_frmid_5033_V2_nimgpkts_445_L1id20843_botrows_24_midrows_56.fits,0,5033,7666.496,5861.4644,6290.418,5033,3842,3847,3848,65535,65535,65535,446,3833.2007,2313,2313,379.73123,8209.185,7394.269,7388.8857,4,10,CUTE,2460709.673391204,2,2200,100,494,445,scan_targetID340,CU-LASP,32768,2,0,-7.486999999999995,0,0,True,5,30,30,30,50,102,0,0,256,100,415,340,5775,-6.218199999999996,4,CUTE CubeSat,0,0,-0.5706162452697754,-0.7770867347717285,-0.2480278611183167,0.09494926035404205,249.53515625,-6770.482421875,-793.26611328125,-1.460640907287598,-0.9294719696044922,7.532585144042969,1.49300888097059e-07,1.61682328325696e-05,-2.3909655283205e-05,791871018
5,C:\Users\Joshua\Documents\CUTE_Solar_System_Observations\Mars_analysis_2026\CUTE_observations\Visit5\cute_TRIM2D_scan_targetID340_2025_02_03_04_12_frmid_5034_V2_nimgpkts_446_L1id21758_botrows_24_midrows_56.fits,47,TRIM2D,16,1,32768,-2.570400000000006,2025-08-09T07:40:38.231,2025-02-03T04:12:25.000,0,50,100000,100000,cute_TRIM2D_scan_targetID340_2025_02_03_04_12_frmid_5034_V2_nimgpkts_446_L1id21758_botrows_24_midrows_56.fits,0,5034,7180.7827,5824.154,6244.0967,5034,3845,3852,3840,65535,65535,65535,446,3835.435,2313,2313,379.9509,7754.743,7299.9,7298.391,5,10,CUTE,2460709.675289352,2,2200,100,0,446,scan_targetID340,CU-LASP,32768,2,0,-7.883499999999998,0,0,True,5,30,30,30,50,102,0,0,256,100,415,340,5825,-6.53540000000001,4,CUTE CubeSat,0,0,-0.570258617401123,-0.777313232421875,-0.2480129599571228,0.09525436162948608,6.263912200927734,-6805.4921875,448.5146484375,-1.492064476013184,0.5044019222259521,7.568347930908203,-0.00055523309856653,-0.00057525653392076,0.000644586980342865,791871182
5,C:\Users\Joshua\Documents\CUTE_Solar_System_Observations\Mars_analysis_2026\CUTE_observations\Visit5\cute_TRIM2D_scan_targetID340_2025_02_03_04_15_frmid_5035_V2_nimgpkts_446_L1id21778_botrows_24_midrows_56.fits,47,TRIM2D,16,1,32768,-2.808300000000031,2025-08-09T07:06:10.804,2025-02-03T04:15:10.000,0,50,100000,100000,cute_TRIM2D_scan_targetID340_2025_02_03_04_15_frmid_5035_V2_nimgpkts_446_L1id21778_botrows_24_midrows_56.fits,0,5035,7546.211,5783.3076,6190.1357,5035,3851,3857,3855,65535,65535,65535,446,3837.9253,2313,2313,380.2127,8009.5684,7186.628,7174.1685,6,10,CUTE,2460709.677199074,2,2200,100,0,446,scan_targetID340,CU-LASP,32768,2,0,-8.200700000000012,0,0,True,5,30,30,30,50,102,0,0,256,100,415,340,5931,-6.852599999999995,4,CUTE CubeSat,0,0,-0.5705864429473877,-0.7771165370941162,-0.2480204105377197,0.09497421979904175,-236.6865234375,-6604.125,1682.47216796875,-1.438694477081299,1.930037975311279,7.345808029174805,-5.9138852520845e-05,-2.5508546968922e-05,4.45347250206396e-05,791871347
5,C:\Users\Joshua\Documents\CUTE_Solar_System_Observations\Mars_analysis_2026\CUTE_observations\Visit5\cute_TRIM2D_scan_targetID340_2025_02_03_04_17_frmid_5036_V2_nimgpkts_446_L1id20271_botrows_24_midrows_56.fits,47,TRIM2D,16,1,32768,-3.046199999999999,2025-03-31T18:37:04.074,2025-02-03T04:17:55.000,0,50,100000,100000,cute_TRIM2D_scan_targetID340_2025_02_03_04_17_frmid_5036_V2_nimgpkts_446_L1id20271_botrows_24_midrows_56.fits,0,5036,7447.93,5739.0645,6136.2324,5036,3848,3852,3853,65535,65535,65535,446,3840.5457,2313,2313,380.4881,7600.6997,7061.0757,7049.103,7,10,CUTE,2460709.679108796,2,2200,100,0,446,scan_targetID340,CU-LASP,32768,2,0,-8.517899999999997,0,0,True,5,30,30,30,50,102,0,0,256,100,415,340,5264,-7.249099999999999,4,CUTE CubeSat,0,0,-0.5705864429473877,-0.7770986557006836,-0.2480472326278687,0.09494814276695251,-463.96728515625,-6172.38671875,2858.7900390625,-1.302950859069824,3.28757381439209,6.871784210205078,1.77992114913649e-05,-1.0449712135596e-05,2.7586593205342e-05,791871512
5,C:\Users\Joshua\Documents\CUTE_Solar_System_Observations\Mars_analysis_2026\CUTE_observations\Visit5\cute_TRIM2D_scan_targetID340_2025_02_03_04_20_frmid_5037_V2_nimgpkts_446_L1id20270_botrows_24_midrows_56.fits,47,TRIM2D,16,1,32768,-3.363400000000013,2025-03-31T18:36:13.383,2025-02-03T04:20:40.000,0,50,100000,100000,cute_TRIM2D_scan_targetID340_2025_02_03_04_20_frmid_5037_V2_nimgpkts_446_L1id20270_botrows_24_midrows_56.fits,0,5037,7442.612,5692.0103,6081.1504,5037,3858,3856,3855,65535,65535,65535,446,3843.6824,2313,2313,380.7963,7798.1787,6918.3745,6909.611,8,10,CUTE,2460709.681018519,2,2200,100,0,446,scan_targetID340,CU-LASP,32768,2,0,-12.16570000000002,0,0,True,5,30,30,30,50,102,0,0,256,100,415,340,64687,-11.61060000000001,4,CUTE CubeSat,0,0,-0.5705864429473877,-0.7770986557006836,-0.2480204105377197,0.0949392020702362,-662.498291015625,-5525.609375,3937.2080078125,-1.091640472412109,4.528463363647461,6.162727355957031,-1.6496545867994e-05,3.41406557708978e-05,3.72957292711362e-05,791871677
5,C:\Users\Joshua\Documents\CUTE_Solar_System_Observations\Mars_analysis_2026\CUTE_observations\Visit5\cute_TRIM2D_scan_targetID340_2025_02_03_04_23_frmid_5038_V2_nimgpkts_446_L1id20269_botrows_24_midrows_56.fits,47,TRIM2D,16,1,32768,-3.680600000000027,2025-03-31T18:35:21.434,2025-02-03T04:23:25.000,0,50,100000,100000,cute_TRIM2D_scan_targetID340_2025_02_03_04_23_frmid_5038_V2_nimgpkts_446_L1id20269_botrows_24_midrows_56.fits,0,5038,7396.501,5648.201,6022.7197,5038,3863,3853,3860,65535,65535,65535,446,3847.1301,2313,2313,381.1141,7664.298,6790.739,6770.029,9,10,CUTE,2460709.682928241,2,2200,100,0,446,scan_targetID340,CU-LASP,32768,2,0,-9.073000000000008,0,0,True,5,30,30,30,50,102,0,0,256,100,415,340,5350,-7.804200000000009,4,CUTE CubeSat,0,0,-0.5706043243408203,-0.7770867347717285,-0.2480323314666748,0.09496602416038513,-820.63427734375,-4686.7421875,4880.955078125,-0.815460205078125,5.608642578125,5.243528366088867,-1.6885263903532e-05,-1.8732083844952e-05,-1.071855876944e-05,791871842
5,C:\Users\Joshua\Documents\CUTE_Solar_System_Observations\Mars_analysis_2026\CUTE_observations\Visit5\cute_TRIM2D_scan_targetID340_2025_02_03_05_32_frmid_5039_V2_nimgpkts_446_L1id20892_botrows_24_midrows_56.fits,47,TRIM2D,16,1,32768,-2.88760000000002,2025-06-01T07:06:11.382,2025-02-03T05:32:16.000,0,50,100000,100000,cute_TRIM2D_scan_targetID340_2025_02_03_05_32_frmid_5039_V2_nimgpkts_446_L1id20892_botrows_24_midrows_56.fits,0,5039,7523.972,5812.168,6230.927,5039,3841,3851,3846,65535,65535,65535,446,3832.1226,2313,2313,379.63116,7929.0557,7168.6807,7182.8003,0,5,CUTE,2460709.730740741,2,2200,100,0,446,scan_targetID340,CU-LASP,32768,2,0,-7.090499999999992,0,0,True,5,30,30,30,50,102,0,0,256,100,415,340,5832,-5.9803,4,CUTE CubeSat,0,0,-0.5707354545593262,-0.7769913673400879,-0.2480621337890625,0.09491163492202759,-856.59619140625,-4446.1171875,-5107.494140625,-2.852853775024414,-5.154193878173828,4.973495483398438,2.29482247959822e-05,8.63626883074175e-06,-5.1271345000714e-06,791875973
5,C:\Users\Joshua\Documents\CUTE_Solar_System_Observations\Mars_analysis_2026\CUTE_observations\Visit5\cute_TRIM2D_scan_targetID340_2025_02_03_05_35_frmid_5040_V2_nimgpkts_446_L1id20891_botrows_24_midrows_56.fits,47,TRIM2D,16,1,32768,-2.808300000000031,2025-06-01T07:05:34.491,2025-02-03T05:35:01.000,0,50,100000,100000,cute_TRIM2D_scan_targetID340_2025_02_03_05_35_frmid_5040_V2_nimgpkts_446_L1id20891_botrows_24_midrows_56.fits,0,5040,7572.539,5822.969,6229.304,5040,3846,3850,3846,65535,65535,65535,446,3831.7168,2313,2313,379.59027,7996.703,7196.686,7213.357,1,5,CUTE,2460709.732650463,2,2200,100,0,446,scan_targetID340,CU-LASP,32768,2,0,-7.090499999999992,0,0,True,5,30,30,30,50,102,0,0,256,100,415,340,5947,-5.9803,4,CUTE CubeSat,0,0,-0.5707235336303711,-0.7769913673400879,-0.2480427622795105,0.09494516253471375,-1320.18603515625,-5211.64453125,-4203.490234375,-2.740177154541016,-4.089702606201172,5.9412841796875,-5.8133315178565e-05,-2.0833198504988e-05,4.82547693536616e-06,791876138
5,C:\Users\Joshua\Documents\CUTE_Solar_System_Observations\Mars_analysis_2026\CUTE_observations\Visit5\cute_TRIM2D_scan_targetID340_2025_02_03_05_37_frmid_5041_V2_nimgpkts_446_L1id20890_botrows_24_midrows_56.fits,47,TRIM2D,16,1,32768,-2.728999999999985,2025-06-01T07:04:22.965,2025-02-03T05:37:46.000,0,50,100000,100000,cute_TRIM2D_scan_targetID340_2025_02_03_05_37_frmid_5041_V2_nimgpkts_446_L1id20890_botrows_24_midrows_56.fits,0,5041,7586.088,5814.6597,6227.002,5041,3846,3848,3844,65535,65535,65535,446,3832.265,2313,2313,379.64148,8005.7695,7211.084,7231.172,2,5,CUTE,2460709.734560185,2,2200,100,0,446,scan_targetID340,CU-LASP,32768,2,0,-7.328400000000016,0,0,True,5,30,30,30,50,102,0,0,256,100,415,340,5943,-6.138900000000007,4,CUTE CubeSat,0,0,-0.5707354545593262,-0.7769913673400879,-0.2480472326278687,0.09493622183799744,-1754.7197265625,-5788.98828125,-3157.0693359375,-2.507075309753418,-2.890142440795898,6.706798553466797,-3.6615034332498e-05,-1.4100696716923e-05,6.10016104474198e-06,791876303
5,C:\Users\Joshua\Documents\CUTE_Solar_System_Observations\Mars_analysis_2026\CUTE_observations\Visit5\cute_TRIM2D_scan_targetID340_2025_02_03_05_40_frmid_5042_V2_nimgpkts_446_L1id20889_botrows_24_midrows_56.fits,47,TRIM2D,16,1,32768,-2.808300000000031,2025-06-01T07:08:00.792,2025-02-03T05:40:31.000,0,50,100000,100000,cute_TRIM2D_scan_targetID340_2025_02_03_05_40_frmid_5042_V2_nimgpkts_446_L1id20889_botrows_24_midrows_56.fits,0,5042,7570.897,5791.901,6208.499,5042,3846,3845,3848,65535,65535,65535,446,3833.7385,2313,2313,379.78265,7969.5356,7183.8237,7213.0806,3,5,CUTE,2460709.736469907,2,2200,100,0,446,scan_targetID340,CU-LASP,32768,2,0,-7.645600000000002,0,0,True,5,30,30,30,50,102,0,0,256,100,415,340,5342,-6.456099999999992,4,CUTE CubeSat,0,0,-0.5707354545593262,-0.7769913673400879,-0.2480278611183167,0.09493771195411682,-2141.126953125,-6160.228515625,-2002.83984375,-2.158388137817383,-1.597731590270996,7.244241714477539,-6.829181802459e-05,9.79582910076715e-06,-1.0594776540528e-05,791876468
5,C:\Users\Joshua\Documents\CUTE_Solar_System_Observations\Mars_analysis_2026\CUTE_observations\Visit5\cute_TRIM2D_scan_targetID340_2025_02_03_05_43_frmid_5043_V2_nimgpkts_446_L1id20054_botrows_24_midrows_56.fits,47,TRIM2D,16,1,32768,-2.88760000000002,2025-03-13T19:12:27.033,2025-02-03T05:43:15.000,0,50,100000,100000,cute_TRIM2D_scan_targetID340_2025_02_03_05_43_frmid_5043_V2_nimgpkts_446_L1id20054_botrows_24_midrows_56.fits,0,5043,7539.7437,5766.8433,6173.3726,5043,3851,3848,3850,65535,65535,65535,446,3835.6992,2313,2313,379.97855,7806.149,7122.28,7150.5967,4,5,CUTE,2460709.738368056,2,2200,100,0,446,scan_targetID340,CU-LASP,32768,2,0,-8.042100000000005,0,0,True,5,30,30,30,50,102,0,0,256,100,415,340,5832,-6.773300000000006,4,CUTE CubeSat,0,0,-0.5707235336303711,-0.7770092487335205,-0.2480159401893616,0.09499359130859375,-2459.486328125,-6313.5,-787.62646484375,-1.707308769226074,-0.2673256397247314,7.533491134643555,-0.00015413749497383,-6.5645552240312e-05,-2.3485103156417e-05,791876632
7,C:\Users\Joshua\Documents\CUTE_Solar_System_Observations\Mars_analysis_2026\CUTE_observations\Visit7\cute_TRIM2D_scan_targetID340_2025_02_17_04_41_frmid_5143_V2_nimgpkts_446_L1id21878_botrows_24_midrows_56.fits,47,TRIM2D,16,1,32768,-3.204799999999977,2025-08-26T07:06:32.986,2025-02-17T04:41:11.000,0,50,100000,100000,cute_TRIM2D_scan_targetID340_2025_02_17_04_41_frmid_5143_V2_nimgpkts_446_L1id21878_botrows_24_midrows_56.fits,0,5143,7031.468,5754.1167,6135.2524,5143,3851,3854,3850,65535,65535,65535,446,3835.389,2313,2313,379.9456,7484.452,7016.862,7013.772,0,10,CUTE,2460723.695266203,2,2200,100,0,446,scan_targetID340,CU-LASP,32768,2,0,-7.645600000000002,0,0,True,5,30,30,30,50,102,0,0,256,100,415,340,5913,-6.53540000000001,4,CUTE CubeSat,0,0,-0.5837292671203613,-0.7751197814941406,-0.2102280855178833,0.1194791793823242,76.60250854492188,-4987.5234375,-4653.63671875,-1.641660213470459,-5.155290603637695,5.498970031738281,4.24620229750871e-05,2.60941669694148e-05,7.22391905583208e-06,793082508
7,C:\Users\Joshua\Documents\CUTE_Solar_System_Observations\Mars_analysis_2026\CUTE_observations\Visit7\cute_TRIM2D_scan_targetID340_2025_02_17_04_43_frmid_5144_V2_nimgpkts_444_L1id21779_botrows_24_midrows_53.fits,47,TRIM2D,16,1,32768,-3.284100000000024,2025-08-09T07:06:28.274,2025-02-17T04:43:56.000,0,50,100000,100000,cute_TRIM2D_scan_targetID340_2025_02_17_04_43_frmid_5144_V2_nimgpkts_444_L1id21779_botrows_24_midrows_53.fits,0,5144,7016.354,5734.1025,6114.7783,5144,3847,3848,3847,65535,65535,65535,446,3835.7502,2313,2313,379.9804,7460.544,6991.6157,6991.0396,1,10,CUTE,2460723.697175926,2,2200,100,988,444,scan_targetID340,CU-LASP,32768,2,0,-7.883499999999998,0,0,True,5,30,30,30,50,102,0,0,256,100,415,340,5878,-6.694000000000017,4,CUTE CubeSat,0,0,-0.5837292671203613,-0.7751197814941406,-0.210219144821167,0.1195223927497864,-203.5078125,-5745.3359375,-3672.0595703125,-1.739376068115234,-4.0054931640625,6.365240097045898,-1.7760379705578e-05,-3.3644988434389e-05,-1.8606027879286e-05,793082673
7,C:\Users\Joshua\Documents\CUTE_Solar_System_Observations\Mars_analysis_2026\CUTE_observations\Visit7\cute_TRIM2D_scan_targetID340_2025_02_17_04_46_frmid_5145_V2_nimgpkts_446_L1id21436_botrows_24_midrows_56.fits,47,TRIM2D,16,1,32768,-3.284100000000024,2025-07-07T07:06:19.706,2025-02-17T04:46:41.000,0,50,100000,100000,cute_TRIM2D_scan_targetID340_2025_02_17_04_46_frmid_5145_V2_nimgpkts_446_L1id21436_botrows_24_midrows_56.fits,0,5145,6995.3447,5709.6943,6088.0894,5145,3852,3848,3847,65535,65535,65535,446,3836.925,2313,2313,380.10233,7426.1733,6950.765,6958.6816,2,10,CUTE,2460723.699085648,2,2200,100,0,446,scan_targetID340,CU-LASP,32768,2,0,-8.200700000000012,0,0,True,5,30,30,30,50,102,0,0,256,100,415,340,5970,-7.011200000000002,4,CUTE CubeSat,0,0,-0.5837113857269287,-0.7751197814941406,-0.2102280855178833,0.1195049583911896,-492.5225830078125,-6301.634765625,-2565.00390625,-1.748722076416016,-2.717050552368164,7.014930725097656,1.44201549119316e-05,-2.0233841496519e-05,1.02579433587379e-05,793082838
7,C:\Users\Joshua\Documents\CUTE_Solar_System_Observations\Mars_analysis_2026\CUTE_observations\Visit7\cute_TRIM2D_scan_targetID340_2025_02_17_04_49_frmid_5146_V2_nimgpkts_446_L1id21435_botrows_24_midrows_56.fits,47,TRIM2D,16,1,32768,-3.442700000000002,2025-07-07T07:05:53.827,2025-02-17T04:49:26.000,0,50,100000,100000,cute_TRIM2D_scan_targetID340_2025_02_17_04_49_frmid_5146_V2_nimgpkts_446_L1id21435_botrows_24_midrows_56.fits,0,5146,6963.7905,5682.86,6055.43,5146,3857,3853,3854,65535,65535,65535,446,3838.6785,2313,2313,380.28992,7344.661,6884.448,6892.044,3,10,CUTE,2460723.70099537,2,2200,100,0,446,scan_targetID340,CU-LASP,32768,2,0,-8.597200000000015,0,0,True,5,30,30,30,50,102,0,0,256,100,415,340,5803,-7.328400000000016,4,CUTE CubeSat,0,0,-0.5837113857269287,-0.7751317024230957,-0.2101893424987793,0.1195197105407715,-775.547607421875,-6636.986328125,-1370.28369140625,-1.666467666625977,-1.335912227630615,7.425296783447266,-6.7049812059849e-05,3.67283155355835e-06,9.32443799683824e-06,793083003
7,C:\Users\Joshua\Documents\CUTE_Solar_System_Observations\Mars_analysis_2026\CUTE_observations\Visit7\cute_TRIM2D_scan_targetID340_2025_02_17_04_52_frmid_5147_V2_nimgpkts_446_L1id21434_botrows_24_midrows_56.fits,47,TRIM2D,16,1,32768,-3.680600000000027,2025-07-07T07:05:28.855,2025-02-17T04:52:11.000,0,50,100000,100000,cute_TRIM2D_scan_targetID340_2025_02_17_04_52_frmid_5147_V2_nimgpkts_446_L1id21434_botrows_24_midrows_56.fits,0,5147,6884.209,5649.3433,6012.326,5147,3857,3856,3858,65535,65535,65535,446,3840.7935,2313,2313,380.51083,7042.196,6792.298,6792.6826,4,10,CUTE,2460723.702905092,2,2200,100,0,446,scan_targetID340,CU-LASP,32768,2,0,-8.993700000000018,0,0,True,5,30,30,30,50,102,0,0,256,100,415,340,6005,-7.724899999999991,4,CUTE CubeSat,0,0,-0.5837113857269287,-0.7751317024230957,-0.2101669907569885,0.1194665133953094,-1037.47119140625,-6740.111328125,-128.648193359375,-1.493685722351074,0.08846911787986755,7.581747055053711,-4.4293716200627e-05,0.000117017436423338,3.46969027305021e-05,793083168
7,C:\Users\Joshua\Documents\CUTE_Solar_System_Observations\Mars_analysis_2026\CUTE_observations\Visit7\cute_TRIM2D_scan_targetID340_2025_02_17_04_54_frmid_5148_V2_nimgpkts_446_L1id20343_botrows_24_midrows_56.fits,47,TRIM2D,16,1,32768,-3.918499999999995,2025-04-12T07:10:06.264,2025-02-17T04:54:56.000,0,50,100000,100000,cute_TRIM2D_scan_targetID340_2025_02_17_04_54_frmid_5148_V2_nimgpkts_446_L1id20343_botrows_24_midrows_56.fits,0,5148,6876.4985,5609.4077,5962.461,5148,3864,3860,3859,65535,65535,65535,446,3843.3745,2313,2313,380.76428,7142.702,6675.5234,6673.184,5,10,CUTE,2460723.704814815,2,2200,100,0,446,scan_targetID340,CU-LASP,32768,2,0,-9.310900000000004,0,0,True,5,30,30,30,50,102,0,0,256,100,415,340,5944,-8.042100000000005,4,CUTE CubeSat,0,0,-0.5837292671203613,-0.7751197814941406,-0.2102236151695251,0.1194896101951599,-1263.77734375,-6608.12890625,1117.396484375,-1.2358717918396,1.505052089691162,7.478511810302734,3.12058982672169e-05,9.78814387053716e-06,-3.0085166144999e-06,793083333
7,C:\Users\Joshua\Documents\CUTE_Solar_System_Observations\Mars_analysis_2026\CUTE_observations\Visit7\cute_TRIM2D_scan_targetID340_2025_02_17_04_57_frmid_5149_V2_nimgpkts_446_L1id20258_botrows_24_midrows_56.fits,47,TRIM2D,16,1,32768,-4.156400000000019,2025-03-29T07:08:39.507,2025-02-17T04:57:41.000,0,50,100000,100000,cute_TRIM2D_scan_targetID340_2025_02_17_04_57_frmid_5149_V2_nimgpkts_446_L1id20258_botrows_24_midrows_56.fits,0,5149,6819.075,5565.8706,5911.3545,5149,3859,3867,3858,65535,65535,65535,446,3846.5305,2313,2313,381.05603,7026.1826,6544.989,6542.175,6,10,CUTE,2460723.706724537,2,2200,100,0,446,scan_targetID340,CU-LASP,32768,2,0,-9.628100000000018,0,0,True,5,30,30,30,50,102,0,0,256,100,415,340,5545,-8.359300000000019,4,CUTE CubeSat,0,0,-0.5837292671203613,-0.7751197814941406,-0.2102236151695251,0.1195141971111298,-1441.15771484375,-6246.60546875,2325.1474609375,-0.9026618003845215,2.863164901733398,7.11921501159668,1.71835972651024e-06,-2.9349706892389e-05,-8.4101702668704e-06,793083498
7,C:\Users\Joshua\Documents\CUTE_Solar_System_Observations\Mars_analysis_2026\CUTE_observations\Visit7\cute_TRIM2D_scan_targetID340_2025_02_17_05_00_frmid_5150_V2_nimgpkts_446_L1id20257_botrows_24_midrows_56.fits,47,TRIM2D,16,1,32768,-4.473600000000005,2025-03-29T07:07:36.192,2025-02-17T05:00:26.000,0,50,100000,100000,cute_TRIM2D_scan_targetID340_2025_02_17_05_00_frmid_5150_V2_nimgpkts_446_L1id20257_botrows_24_midrows_56.fits,0,5150,6765.2764,5522.497,5858.6484,5150,3860,3863,3867,65535,65535,65535,446,3849.8967,2313,2313,381.37247,6902.2524,6412.7974,6415.2896,7,10,CUTE,2460723.708634259,2,2200,100,0,446,scan_targetID340,CU-LASP,32768,2,0,-9.945300000000003,0,0,True,5,30,30,30,50,102,0,0,256,100,415,340,5980,-8.676500000000004,4,CUTE CubeSat,0,0,-0.5837113857269287,-0.7751197814941406,-0.2102340459823608,0.1194955706596375,-1558.24755859375,-5669.26171875,3453.3212890625,-0.5075247287750244,4.114568710327148,6.516397476196289,3.58703691745176e-05,-1.030828570947e-05,5.00184160046046e-06,793083663
7,C:\Users\Joshua\Documents\CUTE_Solar_System_Observations\Mars_analysis_2026\CUTE_observations\Visit7\cute_TRIM2D_scan_targetID340_2025_02_17_05_03_frmid_5151_V2_nimgpkts_446_L1id20256_botrows_24_midrows_56.fits,47,TRIM2D,16,1,32768,-4.790800000000019,2025-03-29T07:06:52.730,2025-02-17T05:03:11.000,0,50,100000,100000,cute_TRIM2D_scan_targetID340_2025_02_17_05_03_frmid_5151_V2_nimgpkts_446_L1id20256_botrows_24_midrows_56.fits,0,5151,6711.222,5482.659,5809.079,5151,3860,3867,3863,65535,65535,65535,446,3853.1843,2313,2313,381.7086,6774.236,6285.065,6280.704,8,10,CUTE,2460723.710543981,2,2200,100,0,446,scan_targetID340,CU-LASP,32768,2,0,-10.1832,0,0,True,5,30,30,30,50,102,0,0,256,100,415,340,5669,-8.9144,4,CUTE CubeSat,0,0,-0.5837113857269287,-0.7751197814941406,-0.2102131843566895,0.1195231378078461,-1606.16015625,-4897.142578125,4463.328125,-0.06709080934524536,5.215156555175781,5.691230773925781,-3.075243148487e-05,-3.1243194825947e-05,6.00365456193685e-06,793083828
7,C:\Users\Joshua\Documents\CUTE_Solar_System_Observations\Mars_analysis_2026\CUTE_observations\Visit7\cute_TRIM2D_scan_targetID340_2025_02_17_05_05_frmid_5152_V2_nimgpkts_446_L1id20255_botrows_24_midrows_56.fits,47,TRIM2D,16,1,32768,-5.108000000000004,2025-03-29T07:06:28.261,2025-02-17T05:05:55.000,0,50,100000,100000,cute_TRIM2D_scan_targetID340_2025_02_17_05_05_frmid_5152_V2_nimgpkts_446_L1id20255_botrows_24_midrows_56.fits,0,5152,6602.4824,5444.664,5760.321,5152,3869,3869,3865,65535,65535,65535,446,3856.3225,2313,2313,382.04028,6480.294,6154.961,6145.591,9,10,CUTE,2460723.71244213,2,2200,100,0,446,scan_targetID340,CU-LASP,32768,2,0,-10.5797,0,0,True,5,30,30,30,50,102,0,0,256,100,415,340,4525,-9.310900000000004,4,CUTE CubeSat,0,0,-0.5837292671203613,-0.7751197814941406,-0.2102280855178833,0.1194972842931747,-1579.34130859375,-3964.759765625,5316.0625,0.3966423273086548,6.121957778930664,4.679096221923828,2.45791306952014e-05,-5.7462730183033e-06,-8.583874659962e-07,793083992
7,C:\Users\Joshua\Documents\CUTE_Solar_System_Observations\Mars_analysis_2026\CUTE_observations\Visit7\cute_TRIM2D_scan_targetID340_2025_02_17_06_14_frmid_5153_V2_nimgpkts_446_L1id20254_botrows_24_midrows_56.fits,47,TRIM2D,16,1,32768,-3.204799999999977,2025-03-29T07:05:37.229,2025-02-17T06:14:41.000,0,50,100000,100000,cute_TRIM2D_scan_targetID340_2025_02_17_06_14_frmid_5153_V2_nimgpkts_446_L1id20254_botrows_24_midrows_56.fits,0,5153,6975.4985,5744.425,6130.459,5153,3851,3851,3850,65535,65535,65535,446,3834.9473,2313,2313,379.89963,7425.697,6999.521,6999.801,0,5,CUTE,2460723.760196759,2,2200,100,0,446,scan_targetID340,CU-LASP,32768,2,0,-7.645600000000002,0,0,True,5,30,30,30,50,102,0,0,256,100,415,340,5392,-6.53540000000001,4,CUTE CubeSat,0,0,-0.5837531089782715,-0.7750840187072754,-0.2102280855178833,0.1195045113563538,-1910.84765625,-4612.1328125,-4649.14453125,-3.550848007202148,-4.076541900634766,5.50340461730957,-1.4967263268772e-05,-4.5806023990735e-05,4.3206619011471e-06,793088118
7,C:\Users\Joshua\Documents\CUTE_Solar_System_Observations\Mars_analysis_2026\CUTE_observations\Visit7\cute_TRIM2D_scan_targetID340_2025_02_17_06_17_frmid_5154_V2_nimgpkts_443_L1id20267_botrows_23_midrows_54.fits,47,TRIM2D,16,1,32768,-3.284100000000024,2025-03-30T07:07:45.336,2025-02-17T06:17:26.000,0,50,100000,100000,cute_TRIM2D_scan_targetID340_2025_02_17_06_17_frmid_5154_V2_nimgpkts_443_L1id20267_botrows_23_midrows_54.fits,0,5154,6963.4453,5725.941,6107.0117,5154,3846,3849,3848,65535,65535,65535,446,3835.4358,2313,2313,379.94705,7398.9824,6974.242,6971.4844,1,5,CUTE,2460723.762106481,2,2200,100,1482,443,scan_targetID340,CU-LASP,32768,2,0,-7.804200000000009,0,0,True,5,30,30,30,50,102,0,0,256,100,415,340,5797,-6.694000000000017,4,CUTE CubeSat,0,0,-0.5837709903717041,-0.7750840187072754,-0.2102280855178833,0.1194769442081451,-2468.4462890625,-5196.01953125,-3666.8837890625,-3.183778762817383,-2.981695175170898,6.368673324584961,2.14256579056382e-05,4.75263988164442e-08,-2.4003147700568e-06,793088283
7,C:\Users\Joshua\Documents\CUTE_Solar_System_Observations\Mars_analysis_2026\CUTE_observations\Visit7\cute_TRIM2D_scan_targetID340_2025_02_17_06_20_frmid_5155_V2_nimgpkts_446_L1id21439_botrows_24_midrows_56.fits,47,TRIM2D,16,1,32768,-3.284100000000024,2025-07-07T07:08:14.877,2025-02-17T06:20:11.000,0,50,100000,100000,cute_TRIM2D_scan_targetID340_2025_02_17_06_20_frmid_5155_V2_nimgpkts_446_L1id21439_botrows_24_midrows_56.fits,0,5155,6941.984,5702.9956,6079.3066,5155,3852,3854,3847,65535,65535,65535,446,3836.8384,2313,2313,380.0935,7374.0776,6934.519,6938.065,2,5,CUTE,2460723.764016204,2,2200,100,0,446,scan_targetID340,CU-LASP,32768,2,0,-8.200700000000012,0,0,True,5,30,30,30,50,102,0,0,256,100,415,340,5766,-7.011200000000002,4,CUTE CubeSat,0,0,-0.5837531089782715,-0.7750840187072754,-0.210219144821167,0.1194863319396973,-2953.9931640625,-5591.0390625,-2559.3642578125,-2.680715560913086,-1.794927597045898,7.017219543457031,-6.6393968154443e-06,-6.1624577938346e-06,8.66682785272132e-06,793088448
7,C:\Users\Joshua\Documents\CUTE_Solar_System_Observations\Mars_analysis_2026\CUTE_observations\Visit7\cute_TRIM2D_scan_targetID340_2025_02_17_06_22_frmid_5156_V2_nimgpkts_446_L1id21438_botrows_24_midrows_56.fits,47,TRIM2D,16,1,32768,-3.442700000000002,2025-07-07T07:07:26.893,2025-02-17T06:22:56.000,0,50,100000,100000,cute_TRIM2D_scan_targetID340_2025_02_17_06_22_frmid_5156_V2_nimgpkts_446_L1id21438_botrows_24_midrows_56.fits,0,5156,6913.9595,5676.7407,6045.7773,5156,3856,3856,3844,65535,65535,65535,446,3838.6682,2313,2313,380.288,7301.0854,6869.144,6867.448,3,5,CUTE,2460723.765925926,2,2200,100,0,446,scan_targetID340,CU-LASP,32768,2,0,-12.7208,0,0,True,5,30,30,30,50,102,0,0,256,100,415,340,1724,-14.06890000000001,2,CUTE CubeSat,0,0,-0.5837709903717041,-0.7750720977783203,-0.2102400064468384,0.1194769442081451,-3346.3759765625,-5785.619140625,-1364.37548828125,-2.056869506835938,-0.5596907138824463,7.426345825195312,4.62034658994525e-05,-1.3215212675277e-05,-2.0345163648016e-05,793088613
7,C:\Users\Joshua\Documents\CUTE_Solar_System_Observations\Mars_analysis_2026\CUTE_observations\Visit7\cute_TRIM2D_scan_targetID340_2025_02_17_06_25_frmid_5157_V2_nimgpkts_446_L1id21816_botrows_24_midrows_56.fits,47,TRIM2D,16,1,32768,-3.680600000000027,2025-08-17T07:04:12.642,2025-02-17T06:25:41.000,0,50,100000,100000,cute_TRIM2D_scan_targetID340_2025_02_17_06_25_frmid_5157_V2_nimgpkts_446_L1id21816_botrows_24_midrows_56.fits,0,5157,6855.6304,5641.6313,6002.284,5157,3851,3848,3854,65535,65535,65535,446,3840.8772,2313,2313,380.51697,7046.6445,6770.6025,6765.4307,4,5,CUTE,2460723.767835648,2,2200,100,0,446,scan_targetID340,CU-LASP,32768,2,0,-8.993700000000018,0,0,True,5,30,30,30,50,102,0,0,256,100,415,340,5925,-7.724899999999991,4,CUTE CubeSat,0,0,-0.5837709903717041,-0.7750840187072754,-0.2102131843566895,0.1194769442081451,-3627.259765625,-5775.51171875,-122.6722412109375,-1.332943916320801,0.6790733337402344,7.581413269042969,-6.3316815612779e-07,1.93271625903435e-05,-1.1532374628586e-05,793088778
8,C:\Users\Joshua\Documents\CUTE_Solar_System_Observations\Mars_analysis_2026\CUTE_observations\Visit8\cute_TRIM2D_scan_targetID340_2025_03_02_05_45_frmid_5209_V2_nimgpkts_446_L1id21879_botrows_24_midrows_56.fits,47,TRIM2D,16,1,32768,3.139200000000017,2025-08-26T07:05:08.478,2025-03-02T05:45:26.000,0,50,100000,100000,cute_TRIM2D_scan_targetID340_2025_03_02_05_45_frmid_5209_V2_nimgpkts_446_L1id21879_botrows_24_midrows_56.fits,0,5209,8155.4336,7127.695,7785.409,5209,3869,3862,3860,65535,65535,65535,446,3845.8677,2313,2313,381.01123,10146.443,9984.974,9969.109,0,5,CUTE,2460736.739884259,2,2200,100,0,446,scan_targetID340,CU-LASP,32768,2,0,-2.649699999999996,0,0,True,5,30,30,30,50,102,0,0,256,100,415,340,5821,-1.222300000000018,4,CUTE CubeSat,0,0,-0.5824775695800781,-0.7788569927215576,-0.1950110197067261,0.1267976462841034,-1260.408203125,-4815.6484375,-4666.478515625,-2.968439102172852,-4.539693832397461,5.481422424316406,-7.582243415527e-05,-1.1093907232861e-05,-5.978512490401e-06,794209563
8,C:\Users\Joshua\Documents\CUTE_Solar_System_Observations\Mars_analysis_2026\CUTE_observations\Visit8\cute_TRIM2D_scan_targetID340_2025_03_02_05_48_frmid_5210_V2_nimgpkts_446_L1id20426_botrows_24_midrows_56.fits,47,TRIM2D,16,1,32768,2.4255,2025-04-25T07:16:14.928,2025-03-02T05:48:11.000,0,50,100000,100000,cute_TRIM2D_scan_targetID340_2025_03_02_05_48_frmid_5210_V2_nimgpkts_446_L1id20426_botrows_24_midrows_56.fits,0,5210,7770.1284,6927.1196,7539.987,5210,3857,3862,3859,65535,65535,65535,446,3845.727,2313,2313,380.99738,9783.425,9651.335,9637.353,1,5,CUTE,2460736.741793981,2,2200,100,0,446,scan_targetID340,CU-LASP,32768,2,0,-3.839200000000005,0,0,True,5,30,30,30,50,102,0,0,256,100,415,340,5879,-2.332499999999982,4,CUTE CubeSat,0,0,-0.5825192928314209,-0.7788212299346924,-0.1950080394744873,0.1268052458763123,-1734.333984375,-5473.119140625,-3687.6357421875,-2.755435943603516,-3.408273696899414,6.350028991699219,-6.3550076447427e-05,-6.7625878727994e-06,-0.00013652094639837,794209728
8,C:\Users\Joshua\Documents\CUTE_Solar_System_Observations\Mars_analysis_2026\CUTE_observations\Visit8\cute_TRIM2D_scan_targetID340_2025_03_02_05_50_frmid_5211_V2_nimgpkts_442_L1id20425_botrows_24_midrows_56.fits,47,TRIM2D,16,1,32768,1.711799999999982,2025-04-25T07:14:58.197,2025-03-02T05:50:56.000,0,50,100000,100000,cute_TRIM2D_scan_targetID340_2025_03_02_05_50_frmid_5211_V2_nimgpkts_442_L1id20425_botrows_24_midrows_56.fits,0,5211,7716.4453,6725.1484,7290.6978,5211,3866,3861,3863,65535,65535,65535,446,3846.3198,2313,2313,381.0537,9475.244,9282.467,9267.363,2,5,CUTE,2460736.743703704,2,2200,100,1976,442,scan_targetID340,CU-LASP,32768,2,0,-4.870100000000008,0,0,True,5,30,30,30,50,102,0,0,256,100,415,340,5765,-3.284100000000024,4,CUTE CubeSat,0,0,-0.5824775695800781,-0.7788569927215576,-0.195057213306427,0.1267653107643127,-2162.9287109375,-5934.30078125,-2582.875,-2.420171737670898,-2.166756629943848,7.002628326416016,3.70182970073074e-05,-1.551447348902e-05,2.39630116993794e-06,794209893
8,C:\Users\Joshua\Documents\CUTE_Solar_System_Observations\Mars_analysis_2026\CUTE_observations\Visit8\cute_TRIM2D_scan_targetID340_2025_03_02_05_53_frmid_5212_V2_nimgpkts_445_L1id20424_botrows_24_midrows_54.fits,47,TRIM2D,16,1,32768,0.9981000000000222,2025-04-25T07:13:44.593,2025-03-02T05:53:41.000,0,50,100000,100000,cute_TRIM2D_scan_targetID340_2025_03_02_05_53_frmid_5212_V2_nimgpkts_445_L1id20424_botrows_24_midrows_54.fits,0,5212,7504.374,6531.8843,7057.8135,5212,3865,3862,3867,65535,65535,65535,446,3847.2437,2313,2313,381.13895,9110.343,8910.365,8897.318,3,5,CUTE,2460736.745613426,2,2200,100,494,445,scan_targetID340,CU-LASP,32768,2,0,-5.821699999999993,0,0,True,5,30,30,30,50,102,0,0,256,100,415,340,5926,-4.235700000000008,4,CUTE CubeSat,0,0,-0.5824775695800781,-0.7788569927215576,-0.1950497627258301,0.1267443001270294,-2526.7470703125,-6184.642578125,-1389.93701171875,-1.971714973449707,-0.8601160049438477,7.416427612304688,4.43932076450437e-05,2.70291275228373e-05,2.47820207732729e-05,794210058
8,C:\Users\Joshua\Documents\CUTE_Solar_System_Observations\Mars_analysis_2026\CUTE_observations\Visit8\cute_TRIM2D_scan_targetID340_2025_03_02_05_56_frmid_5213_V2_nimgpkts_446_L1id20423_botrows_24_midrows_56.fits,47,TRIM2D,16,1,32768,0.2051000000000158,2025-04-25T07:12:30.962,2025-03-02T05:56:26.000,0,50,100000,100000,cute_TRIM2D_scan_targetID340_2025_03_02_05_56_frmid_5213_V2_nimgpkts_446_L1id20423_botrows_24_midrows_56.fits,0,5213,7310.743,6356.2373,6843.0674,5213,3861,3861,3868,65535,65535,65535,446,3848.7954,2313,2313,381.28833,8742.503,8540.209,8528.571,4,5,CUTE,2460736.747523148,2,2200,100,0,446,scan_targetID340,CU-LASP,32768,2,0,-6.53540000000001,0,0,True,5,30,30,30,50,102,0,0,256,100,415,340,5988,-5.028700000000015,4,CUTE CubeSat,0,0,-0.5824775695800781,-0.7788569927215576,-0.1950259208679199,0.1267882585525513,-2808.1923828125,-6217.11328125,-149.4413452148438,-1.42437744140625,0.4644485712051392,7.576835632324219,-3.3212796552106e-05,-1.2286254786886e-05,-2.9080132662784e-05,794210223
9,C:\Users\Joshua\Documents\CUTE_Solar_System_Observations\Mars_analysis_2026\CUTE_observations\Visit9\cute_TRIM2D_scan_targetID340_2025_03_30_03_13_frmid_5253_V2_nimgpkts_446_L1id21819_botrows_24_midrows_56.fits,47,TRIM2D,16,1,32768,1.870400000000018,2025-08-17T07:04:57.679,2025-03-30T03:13:01.000,0,50,100000,100000,cute_TRIM2D_scan_targetID340_2025_03_30_03_13_frmid_5253_V2_nimgpkts_446_L1id21819_botrows_24_midrows_56.fits,0,5253,7449.841,6744.0747,7333.5723,5253,3872,3866,3877,65535,65535,65535,446,3855.3533,2313,2313,381.95688,9423.978,9284.295,9360.498,0,7,CUTE,2460764.634039352,2,2200,100,0,446,scan_targetID340,CU-LASP,32768,2,0,-4.632200000000012,0,0,True,5,30,30,30,50,102,0,0,256,100,415,340,4502,-3.125499999999988,4,CUTE CubeSat,0,0,0.135442852973938,-0.1876438856124878,0.8106499910354614,0.5378568172454834,2178.6875,-6303.978515625,-1444.24609375,-0.8975238800048828,-1.995091915130615,7.402694702148438,2.22929520532488e-05,7.16862177796429e-06,5.00441501571913e-07,796619618
9,C:\Users\Joshua\Documents\CUTE_Solar_System_Observations\Mars_analysis_2026\CUTE_observations\Visit9\cute_TRIM2D_scan_targetID340_2025_03_30_03_15_frmid_5254_V2_nimgpkts_446_L1id21755_botrows_24_midrows_56.fits,47,TRIM2D,16,1,32768,0.9981000000000222,2025-08-09T07:18:14.711,2025-03-30T03:15:46.000,0,50,100000,100000,cute_TRIM2D_scan_targetID340_2025_03_30_03_15_frmid_5254_V2_nimgpkts_446_L1id21755_botrows_24_midrows_56.fits,0,5254,7222.2837,6532.9077,7074.595,5254,3868,3873,3863,65535,65535,65535,446,3856.3818,2313,2313,382.0629,9016.139,8869.253,8940.016,1,7,CUTE,2460764.635949074,2,2200,100,0,446,scan_targetID340,CU-LASP,32768,2,0,-5.663100000000014,0,0,True,5,30,30,30,50,102,0,0,256,100,415,340,5870,-4.156400000000019,4,CUTE CubeSat,0,0,0.1354696750640869,-0.1876066327095032,0.8106589317321777,0.5378544330596924,1991.3955078125,-6522.142578125,-205.05810546875,-1.361577987670898,-0.6392807960510254,7.574785232543945,-7.3525414336472e-05,8.76759077073074e-06,7.32665557734435e-06,796619783
9,C:\Users\Joshua\Documents\CUTE_Solar_System_Observations\Mars_analysis_2026\CUTE_observations\Visit9\cute_TRIM2D_scan_targetID340_2025_03_30_03_18_frmid_5255_V2_nimgpkts_444_L1id20568_botrows_24_midrows_54.fits,47,TRIM2D,16,1,32768,0.2051000000000158,2025-05-11T07:11:06.383,2025-03-30T03:18:31.000,0,50,100000,100000,cute_TRIM2D_scan_targetID340_2025_03_30_03_18_frmid_5255_V2_nimgpkts_444_L1id20568_botrows_24_midrows_54.fits,0,5255,7024.483,6349.4585,6848.802,5255,3871,3873,3872,65535,65535,65535,446,3858.0325,2313,2313,382.2275,8643.726,8480.646,8547.626,2,7,CUTE,2460764.637858796,2,2200,100,988,444,scan_targetID340,CU-LASP,32768,2,0,-6.53540000000001,0,0,True,5,30,30,30,50,102,0,0,256,100,415,340,5808,-5.028700000000015,4,CUTE CubeSat,0,0,0.13542839884758,-0.1876528263092041,0.8106470108032227,0.5378663539886475,1733.88818359375,-6513.40234375,1041.126953125,-1.745694160461426,0.7480084896087646,7.487285614013672,5.67843817407265e-05,-7.9695200838614e-06,1.25499245768878e-05,796619948
9,C:\Users\Joshua\Documents\CUTE_Solar_System_Observations\Mars_analysis_2026\CUTE_observations\Visit9\cute_TRIM2D_scan_targetID340_2025_03_30_03_21_frmid_5256_V2_nimgpkts_446_L1id20567_botrows_24_midrows_56.fits,47,TRIM2D,16,1,32768,-0.5878999999999905,2025-05-11T07:10:38.985,2025-03-30T03:21:16.000,0,50,100000,100000,cute_TRIM2D_scan_targetID340_2025_03_30_03_21_frmid_5256_V2_nimgpkts_446_L1id20567_botrows_24_midrows_56.fits,0,5256,6839.771,6182.1147,6645.722,5256,3873,3871,3867,65535,65535,65535,446,3859.9277,2313,2313,382.40982,8268.852,8105.445,8162.729,3,7,CUTE,2460764.639768519,2,2200,100,0,446,scan_targetID340,CU-LASP,32768,2,0,-10.8176,0,0,True,5,30,30,30,50,102,0,0,256,100,415,340,65063,-9.5488,4,CUTE CubeSat,0,0,0.1354458332061768,-0.1876379251480103,0.8106529712677002,0.5378544330596924,1420.375,-6276.244140625,2251.63671875,-2.038082122802734,2.119775772094727,7.143438339233398,7.96747190179303e-06,6.58791395835578e-06,-6.9970556069165e-06,796620113
9,C:\Users\Joshua\Documents\CUTE_Solar_System_Observations\Mars_analysis_2026\CUTE_observations\Visit9\cute_TRIM2D_scan_targetID340_2025_03_30_03_24_frmid_5257_V2_nimgpkts_446_L1id21753_botrows_24_midrows_56.fits,47,TRIM2D,16,1,32768,-1.380899999999997,2025-08-09T07:37:47.381,2025-03-30T03:24:01.000,0,50,100000,100000,cute_TRIM2D_scan_targetID340_2025_03_30_03_24_frmid_5257_V2_nimgpkts_446_L1id21753_botrows_24_midrows_56.fits,0,5257,6668.8384,6024.6807,6447.5195,5257,3883,3875,3880,65535,65535,65535,446,3862.2246,2313,2313,382.6226,7899.7627,7731.394,7766.4805,4,7,CUTE,2460764.641678241,2,2200,100,0,446,scan_targetID340,CU-LASP,32768,2,0,-8.597200000000015,0,0,True,5,30,30,30,50,102,0,0,256,100,415,340,5881,-7.011200000000002,4,CUTE CubeSat,0,0,0.1354249715805054,-0.1876438856124878,0.8106470108032227,0.537872314453125,1066.92041015625,-5817.50390625,3384.9619140625,-2.229007720947266,3.425808906555176,6.5546875,5.1431605243124e-05,-2.3359956685453e-05,2.05739706871099e-05,796620278
9,C:\Users\Joshua\Documents\CUTE_Solar_System_Observations\Mars_analysis_2026\CUTE_observations\Visit9\cute_TRIM2D_scan_targetID340_2025_03_30_03_26_frmid_5258_V2_nimgpkts_446_L1id21672_botrows_24_midrows_56.fits,47,TRIM2D,16,1,32768,-2.253199999999993,2025-07-31T07:05:52.624,2025-03-30T03:26:46.000,0,50,100000,100000,cute_TRIM2D_scan_targetID340_2025_03_30_03_26_frmid_5258_V2_nimgpkts_446_L1id21672_botrows_24_midrows_56.fits,0,5258,6496.5854,5870.3896,6258.0195,5258,3880,3884,3883,65535,65535,65535,446,3864.4075,2313,2313,382.82425,7499.8633,7337.2524,7364.1133,5,7,CUTE,2460764.643587963,2,2200,100,0,446,scan_targetID340,CU-LASP,32768,2,0,-9.707400000000007,0,0,True,5,30,30,30,50,102,0,0,256,100,415,340,5982,-8.042100000000005,4,CUTE CubeSat,0,0,0.135433167219162,-0.187640905380249,0.8106410503387451,0.5378758907318115,690.65673828125,-5151.9765625,4402.29296875,-2.313956260681152,4.618776321411133,5.741155624389648,3.26814624713733e-05,-1.7090264009311e-05,3.79499833798036e-05,796620443
9,C:\Users\Joshua\Documents\CUTE_Solar_System_Observations\Mars_analysis_2026\CUTE_observations\Visit9\cute_TRIM2D_scan_targetID340_2025_03_30_03_29_frmid_5259_V2_nimgpkts_446_L1id21671_botrows_24_midrows_56.fits,47,TRIM2D,16,1,32768,-3.125499999999988,2025-07-31T07:05:14.665,2025-03-30T03:29:31.000,0,50,100000,100000,cute_TRIM2D_scan_targetID340_2025_03_30_03_29_frmid_5259_V2_nimgpkts_446_L1id21671_botrows_24_midrows_56.fits,0,5259,6265.1685,5723.546,6077.0757,5259,3878,3888,3884,65535,65535,65535,446,3867.0544,2313,2313,383.082,7086.2056,6933.929,6950.897,6,7,CUTE,2460764.645497685,2,2200,100,0,446,scan_targetID340,CU-LASP,32768,2,0,-10.65899999999999,0,0,True,5,30,30,30,50,102,0,0,256,100,415,340,5978,-9.073000000000008,4,CUTE CubeSat,0,0,0.1354801058769226,-0.1876185536384583,0.8105736970901489,0.5379712581634521,309.1256103515625,-4301.87890625,5268.69921875,-2.293333053588867,5.655277252197266,4.730785369873047,1.15341572382021e-06,1.87917612493038e-05,0.000285563524812459,796620608
9,C:\Users\Joshua\Documents\CUTE_Solar_System_Observations\Mars_analysis_2026\CUTE_observations\Visit9\cute_TRIM2D_scan_targetID340_2025_03_30_04_41_frmid_5260_V2_nimgpkts_446_L1id21341_botrows_24_midrows_56.fits,47,TRIM2D,16,1,32768,3.297799999999995,2025-06-27T07:06:40.017,2025-03-30T04:41:36.000,0,50,100000,100000,cute_TRIM2D_scan_targetID340_2025_03_30_04_41_frmid_5260_V2_nimgpkts_446_L1id21341_botrows_24_midrows_56.fits,0,5260,7906.3203,7138.2446,7822.331,5260,3872,3868,3873,65535,65535,65535,446,3853.3403,2313,2313,381.74695,10151.174,9988.16,10069.108,0,8,CUTE,2460764.695555556,2,2200,100,0,446,scan_targetID340,CU-LASP,32768,2,0,-2.332499999999982,0,0,True,5,30,30,30,50,102,0,0,256,100,415,340,62249,-0.9051000000000045,2,CUTE CubeSat,0,0,0.1354303359985352,-0.1875798106193542,0.8107680082321167,0.5377084016799927,-30.84242248535156,-5889.4765625,-3451.673828125,-1.597135543823242,-3.803595542907715,6.51496696472168,-5.1840688684023e-06,-3.3029442420229e-05,-1.9353814423084e-05,796624933
9,C:\Users\Joshua\Documents\CUTE_Solar_System_Observations\Mars_analysis_2026\CUTE_observations\Visit9\cute_TRIM2D_scan_targetID340_2025_03_30_04_44_frmid_5261_V2_nimgpkts_446_L1id21610_botrows_24_midrows_56.fits,47,TRIM2D,16,1,32768,2.584099999999978,2025-07-26T07:13:55.945,2025-03-30T04:44:21.000,0,50,100000,100000,cute_TRIM2D_scan_targetID340_2025_03_30_04_44_frmid_5261_V2_nimgpkts_446_L1id21610_botrows_24_midrows_56.fits,0,5261,7689.8706,6939.9917,7581.864,5261,3870,3868,3868,65535,65535,65535,446,3853.9565,2313,2313,381.81064,9803.895,9651.754,9724.817,1,8,CUTE,2460764.697465278,2,2200,100,0,446,scan_targetID340,CU-LASP,32768,2,0,-3.046199999999999,0,0,True,5,30,30,30,50,102,0,0,256,100,415,340,5920,-1.698100000000011,4,CUTE CubeSat,0,0,0.1354368925094604,-0.1876140832901001,0.8107542991638184,0.5377113819122314,-299.0472412109375,-6410.619140625,-2323.98828125,-1.639252185821533,-2.494200706481934,7.115591049194336,5.55065053049475e-05,1.76774301507975e-05,-3.1759318517288e-06,796625098
9,C:\Users\Joshua\Documents\CUTE_Solar_System_Observations\Mars_analysis_2026\CUTE_observations\Visit9\cute_TRIM2D_scan_targetID340_2025_03_30_04_47_frmid_5262_V2_nimgpkts_446_L1id21310_botrows_24_midrows_56.fits,47,TRIM2D,16,1,32768,1.870400000000018,2025-06-25T18:37:43.452,2025-03-30T04:47:06.000,0,50,100000,100000,cute_TRIM2D_scan_targetID340_2025_03_30_04_47_frmid_5262_V2_nimgpkts_446_L1id21310_botrows_24_midrows_56.fits,0,5262,7505.031,6769.649,7365.935,5262,3871,3871,3868,65535,65535,65535,446,3855.103,2313,2313,381.9307,9497.371,9342.22,9397.459,2,8,CUTE,2460764.699375,2,2200,100,0,446,scan_targetID340,CU-LASP,32768,2,0,-3.997800000000012,0,0,True,5,30,30,30,50,102,0,0,256,100,415,340,5954,-2.570400000000006,4,CUTE CubeSat,0,0,0.135442852973938,-0.1875947117805481,0.8107602596282959,0.5377084016799927,-566.953857421875,-6707.884765625,-1116.90234375,-1.593201637268066,-1.098447322845459,7.473886489868164,1.17185009003151e-05,5.05717071064282e-06,-1.3252047210698e-05,796625263
9,C:\Users\Joshua\Documents\CUTE_Solar_System_Observations\Mars_analysis_2026\CUTE_observations\Visit9\cute_TRIM2D_scan_targetID340_2025_03_30_04_49_frmid_5263_V2_nimgpkts_446_L1id21309_botrows_24_midrows_56.fits,47,TRIM2D,16,1,32768,1.23599999999999,2025-06-25T18:37:02.582,2025-03-30T04:49:51.000,0,50,100000,100000,cute_TRIM2D_scan_targetID340_2025_03_30_04_49_frmid_5263_V2_nimgpkts_446_L1id21309_botrows_24_midrows_56.fits,0,5263,7314.6704,6597.3086,7150.941,5263,3867,3876,3877,65535,65535,65535,446,3856.5535,2313,2313,382.0816,9165.217,9007.551,9052.24,3,8,CUTE,2460764.701284722,2,2200,100,0,446,scan_targetID340,CU-LASP,32768,2,0,-5.108000000000004,0,0,True,5,30,30,30,50,102,0,0,256,100,415,340,5977,-3.601299999999981,4,CUTE CubeSat,0,0,0.1354711651802063,-0.1875768303871155,0.8107644319534302,0.5376994609832764,-819.9384765625,-6771.1171875,128.325439453125,-1.458805084228516,0.3339728116989136,7.576644897460938,-5.1596958655864e-05,3.45612061209976e-05,-1.0915555321844e-05,796625428
9,C:\Users\Joshua\Documents\CUTE_Solar_System_Observations\Mars_analysis_2026\CUTE_observations\Visit9\cute_TRIM2D_scan_targetID340_2025_03_30_04_52_frmid_5264_V2_nimgpkts_446_L1id21308_botrows_24_midrows_56.fits,47,TRIM2D,16,1,32768,0.5222999999999729,2025-06-25T18:36:26.425,2025-03-30T04:52:36.000,0,50,100000,100000,cute_TRIM2D_scan_targetID340_2025_03_30_04_52_frmid_5264_V2_nimgpkts_446_L1id21308_botrows_24_midrows_56.fits,0,5264,7117.0312,6424.1284,6933.854,5264,3875,3876,3868,65535,65535,65535,446,3858.1948,2313,2313,382.24448,8808.855,8654.661,8690.571,4,8,CUTE,2460764.703194445,2,2200,100,0,446,scan_targetID340,CU-LASP,32768,2,0,-6.218199999999996,0,0,True,5,30,30,30,50,102,0,0,256,100,415,340,5858,-4.632200000000012,4,CUTE CubeSat,0,0,0.1354592442512512,-0.1875991821289062,0.8107566833496094,0.5377084016799927,-1043.72119140625,-6598.36328125,1369.154296875,-1.240389823913574,1.752244472503662,7.420480728149414,5.3758071771881e-07,3.58519610017538e-05,-2.2538633857038e-06,796625593
9,C:\Users\Joshua\Documents\CUTE_Solar_System_Observations\Mars_analysis_2026\CUTE_observations\Visit9\cute_TRIM2D_scan_targetID340_2025_03_30_04_55_frmid_5265_V2_nimgpkts_446_L1id21307_botrows_24_midrows_56.fits,47,TRIM2D,16,1,32768,-0.2707000000000335,2025-06-25T18:46:27.573,2025-03-30T04:55:21.000,0,50,100000,100000,cute_TRIM2D_scan_targetID340_2025_03_30_04_55_frmid_5265_V2_nimgpkts_446_L1id21307_botrows_24_midrows_56.fits,0,5265,6925.2295,6256.7637,6725.345,5265,3875,3878,3876,65535,65535,65535,446,3860.0237,2313,2313,382.41977,8440.4375,8290.941,8314.106,5,8,CUTE,2460764.705104167,2,2200,100,0,446,scan_targetID340,CU-LASP,32768,2,0,-7.249099999999999,0,0,True,5,30,30,30,50,102,0,0,256,100,415,340,5921,-5.663100000000014,4,CUTE CubeSat,0,0,0.1354354023933411,-0.1876066327095032,0.8107566833496094,0.5377113819122314,-1225.09326171875,-6196.361328125,2563.0625,-0.9462864398956299,3.105588912963867,7.009780883789062,4.22409793827682e-05,7.86860982771031e-06,-1.087253622245e-05,796625758
9,C:\Users\Joshua\Documents\CUTE_Solar_System_Observations\Mars_analysis_2026\CUTE_observations\Visit9\cute_TRIM2D_scan_targetID340_2025_03_30_04_58_frmid_5266_V2_nimgpkts_446_L1id21306_botrows_24_midrows_56.fits,47,TRIM2D,16,1,32768,-1.063699999999983,2025-06-25T18:36:02.136,2025-03-30T04:58:06.000,0,50,100000,100000,cute_TRIM2D_scan_targetID340_2025_03_30_04_58_frmid_5266_V2_nimgpkts_446_L1id21306_botrows_24_midrows_56.fits,0,5266,6737.18,6090.549,6520.4155,5266,3881,3881,3878,65535,65535,65535,446,3862.2292,2313,2313,382.62515,8042.229,7899.66,7922.3096,6,8,CUTE,2460764.707013889,2,2200,100,0,446,scan_targetID340,CU-LASP,32768,2,0,-8.359300000000019,0,0,True,5,30,30,30,50,102,0,0,256,100,415,340,5949,-6.773300000000006,4,CUTE CubeSat,0,0,0.1354570090770721,-0.1875574588775635,0.8107644319534302,0.537717342376709,-1352.498046875,-5579.80859375,3669.166015625,-0.5887002944946289,4.345834732055664,6.358707427978516,-6.1376020312309e-05,-1.3168009900255e-05,1.10833098005969e-05,796625923
9,C:\Users\Joshua\Documents\CUTE_Solar_System_Observations\Mars_analysis_2026\CUTE_observations\Visit9\cute_TRIM2D_scan_targetID340_2025_03_30_05_00_frmid_5267_V2_nimgpkts_446_L1id21818_botrows_24_midrows_56.fits,47,TRIM2D,16,1,32768,-1.935999999999979,2025-08-17T07:04:43.905,2025-03-30T05:00:51.000,0,50,100000,100000,cute_TRIM2D_scan_targetID340_2025_03_30_05_00_frmid_5267_V2_nimgpkts_446_L1id21818_botrows_24_midrows_56.fits,0,5267,6543.9653,5926.151,6311.2515,5267,3876,3876,3878,65535,65535,65535,446,3864.6091,2313,2313,382.84564,7635.461,7486.4307,7510.346,7,8,CUTE,2460764.708923611,2,2200,100,0,446,scan_targetID340,CU-LASP,32768,2,0,-9.46950000000001,0,0,True,5,30,30,30,50,102,0,0,256,100,415,340,5803,-7.804200000000009,4,CUTE CubeSat,0,0,0.1354473233222961,-0.1875991821289062,0.810745358467102,0.5377310514450073,-1416.70703125,-4770.873046875,4649.4609375,-0.1830990314483643,5.429065704345703,5.489480972290039,2.69612792180851e-05,1.56792884808965e-05,4.27899503847584e-05,796626088
